/*
Inserting data into Departments table
*/

INSERT INTO Departments (name) values('Sales');
INSERT INTO Departments (name) values('Information Technology');
INSERT INTO Departments (name) values('Legal');
INSERT INTO Departments (name) values('Hr');

/*
Inserting data into locations table
*/

insert into Locations (id, phone, street, country, city) values (1, '+81 664 654 5882', '384-1106, Yahara, Nerima-ku', 'Japan', 'Tokyo');
insert into Locations (id, phone, street, country, city) values (2, '+55 886 863 6908', 'Rua Atalaia 752', 'Brazil', 'São Paulo');
insert into Locations (id, phone, street, country, city) values (3, '+1 334 275 3541', '3607 Fawn Valley Dr', 'United States', 'Dallas');
insert into Locations (id, phone, street, country, city) values (4, '+27 591 268 2006', '14, Jan Frederik Avenue', 'South Africa', 'Johnannesburg');
insert into Locations (id, phone, street, country, city) values (5, '+49 531 687 9657', '63, Römerweg', 'Germany', 'Berlin');

/*
Inserting test data into Employee table
*/

insert into Employee (id, first_name, last_name, title, department,  email, country, city, location) values (1, 'Kasper', 'Gasnell', 'Sales Agent', 1, 'Kasper.Gasnell@BuzzwordSolutions.com', 'Brazil', 'São Paul', 2);
insert into Employee (id, first_name, last_name, title, department,  email, country, city, location) values (2, 'Kennan', 'Duckworth', 'Developer', 2, 'Kennan.Duckworth@BuzzwordSolutions.com', 'Brazil', 'São Paulo', 2);
insert into Employee (id, first_name, last_name, title, department,  email, country, city, location) values (3, 'Lauren', 'Chambers', 'Developer', 2, 'Lauren.Chambers@BuzzwordSolutions.com', 'Brazil', 'São Paulo', 2);
insert into Employee (id, first_name, last_name, title, department,  email, country, city, location) values (4, 'Ardys', 'Picton', 'Developer', 2, 'Ardys.Picton@BuzzwordSolutions.com', 'Brazil', 'São Paulo', 2);
insert into Employee (id, first_name, last_name, title, department,  email, country, city, location) values (5, 'Brand', 'Napolitano', 'Developer', 2, 'Brand.Napolitano@BuzzwordSolutions.com', 'Brazil', 'São Paulo', 2);
insert into Employee (id, first_name, last_name, title, department,  email, country, city, location) values (6, 'Vevay', 'Petch', 'Developer', 2, 'Vevay.Petch@BuzzwordSolutions.com', 'Japan', 'Tokyo', 1);
insert into Employee (id, first_name, last_name, title, department,  email, country, city, location) values (7, 'Prudi', 'Jaume', 'Aide', 3, 'Prudi.Jaume@BuzzwordSolutions.com', 'United States', 'Dallas', 3);
insert into Employee (id, first_name, last_name, title, department,  email, country, city, location) values (8, 'Basil', 'Stennings', 'Developer', 2, 'Basil.Stennings@BuzzwordSolutions.com', 'United States', 'Dallas', 3);
insert into Employee (id, first_name, last_name, title, department,  email, country, city, location) values (9, 'Harlene', 'Casaccia', 'Developer', 2, 'Harlene.Casaccia@BuzzwordSolutions.com', 'Brazil', 'São Paulo', 2);
insert into Employee (id, first_name, last_name, title, department,  email, country, city, location) values (10, 'Briana', 'Pitceathly', 'Developer', 2, 'Briana.Pitceathly@BuzzwordSolutions.com', 'United States', 'Dallas', 3);
insert into Employee (id, first_name, last_name, title, department,  email, country, city, location) values (11, 'Temp', 'Wilsdon', 'Developer', 2, 'Temp.Wilsdon@BuzzwordSolutions.com', 'United States', 'Dallas', 3);
insert into Employee (id, first_name, last_name, title, department,  email, country, city, location) values (12, 'Lee', 'Ewert', 'Developer', 2, 'Lee.Ewert@BuzzwordSolutions.com', 'Brazil', 'São Paulo', 2);
insert into Employee (id, first_name, last_name, title, department,  email, country, city, location) values (13, 'Theodora', 'Furphy', 'Aide', 3, 'Theodora.Furphy@BuzzwordSolutions.com', 'Brazil', 'São Paulo', 2);
insert into Employee (id, first_name, last_name, title, department,  email, country, city, location) values (14, 'Farr', 'Savage', 'Sales Agent', 1, 'Farr.Savage@BuzzwordSolutions.com', 'United States', 'Dallas', 3);
insert into Employee (id, first_name, last_name, title, department,  email, country, city, location) values (15, 'Agnola', 'Arran', 'Developer', 2, 'Agnola.Arran@BuzzwordSolutions.com', 'Brazil', 'São Paulo', 2);
insert into Employee (id, first_name, last_name, title, department,  email, country, city, location) values (16, 'Laurianne', 'Cadd', 'Developer', 2, 'Laurianne.Cadd@BuzzwordSolutions.com', 'Brazil', 'São Paulo', 2);
insert into Employee (id, first_name, last_name, title, department,  email, country, city, location) values (17, 'Riane', 'Sproson', 'Developer', 2, 'Riane.Sproson@BuzzwordSolutions.com', 'United States', 'Dallas', 3);
insert into Employee (id, first_name, last_name, title, department,  email, country, city, location) values (18, 'Udall', 'Pickrell', 'Sales Agent', 1, 'Udall.Pickrell@BuzzwordSolutions.com', 'Brazil', 'São Paulo', 2);
insert into Employee (id, first_name, last_name, title, department,  email, country, city, location) values (19, 'Margit', 'Filipczynski', 'Developer', 2, 'Margit.Filipczynski@BuzzwordSolutions.com', 'Germany', 'Berlin', 5);
insert into Employee (id, first_name, last_name, title, department,  email, country, city, location) values (20, 'Camile', 'Macklam', 'Developer', 2, 'Camile.Macklam@BuzzwordSolutions.com', 'Brazil', 'São Paulo', 2);
insert into Employee (id, first_name, last_name, title, department,  email, country, city, location) values (21, 'Vaughn', 'Youings', 'Developer', 2, 'Vaughn.Youings@BuzzwordSolutions.com', 'Brazil', 'São Paulo', 2);
insert into Employee (id, first_name, last_name, title, department,  email, country, city, location) values (22, 'Renee', 'Zecchii', 'Developer', 2, 'Renee.Zecchii@BuzzwordSolutions.com', 'South Africa', 'Johnannesburg', 4);
insert into Employee (id, first_name, last_name, title, department,  email, country, city, location) values (23, 'Ken', 'Cregin', 'Sales Agent', 1, 'Ken.Cregin@BuzzwordSolutions.com', 'Brazil', 'São Paulo', 2);
insert into Employee (id, first_name, last_name, title, department,  email, country, city, location) values (24, 'Dukie', 'Winckles', 'Developer', 2, 'Dukie.Winckles@BuzzwordSolutions.com', 'Brazil', 'São Paulo', 2);
insert into Employee (id, first_name, last_name, title, department,  email, country, city, location) values (25, 'Alwin', 'Blasio', 'Developer', 2, 'Alwin.Blasio@BuzzwordSolutions.com', 'South Africa', 'Johnannesburg', 4);
insert into Employee (id, first_name, last_name, title, department,  email, country, city, location) values (26, 'Margaux', 'Jerok', 'Developer', 2, 'Margaux.Jerok@BuzzwordSolutions.com', 'Brazil', 'São Paulo', 2);
insert into Employee (id, first_name, last_name, title, department,  email, country, city, location) values (27, 'Cary', 'Helbeck', 'Developer', 2, 'Cary.Helbeck@BuzzwordSolutions.com', 'Brazil', 'São Paulo', 2);
insert into Employee (id, first_name, last_name, title, department,  email, country, city, location) values (28, 'Deborah', 'Auten', 'Developer', 2, 'Deborah.Auten@BuzzwordSolutions.com', 'United States', 'Dallas', 3);
insert into Employee (id, first_name, last_name, title, department,  email, country, city, location) values (29, 'Egon', 'Morgon', 'Developer', 2, 'Egon.Morgon@BuzzwordSolutions.com', 'Brazil', 'São Paulo', 2);
insert into Employee (id, first_name, last_name, title, department,  email, country, city, location) values (30, 'Clovis', 'Molineaux', 'Sales Agent', 1, 'Clovis.Molineaux@BuzzwordSolutions.com', 'Brazil', 'São Paulo', 2);
insert into Employee (id, first_name, last_name, title, department,  email, country, city, location) values (31, 'Timothee', 'Greswell', 'Manager', 2, 'Timothee.Greswell@BuzzwordSolutions.com', 'Japan', 'Tokyo', 1);
insert into Employee (id, first_name, last_name, title, department,  email, country, city, location) values (32, 'Wilone', 'Overbury', 'Developer', 2, 'Wilone.Overbury@BuzzwordSolutions.com', 'United States', 'Dallas', 3);
insert into Employee (id, first_name, last_name, title, department,  email, country, city, location) values (33, 'Ricky', 'Bosenworth', 'Developer', 2, 'Ricky.Bosenworth@BuzzwordSolutions.com', 'United States', 'Dallas', 3);
insert into Employee (id, first_name, last_name, title, department,  email, country, city, location) values (34, 'Marina', 'Cotes', 'Sales Agent', 1, 'Marina.Cotes@BuzzwordSolutions.com', 'Japan', 'Tokyo', 1);
insert into Employee (id, first_name, last_name, title, department,  email, country, city, location) values (35, 'Slade', 'Landeg', 'Developer', 2, 'Slade.Landeg@BuzzwordSolutions.com', 'Brazil', 'São Paulo', 2);
insert into Employee (id, first_name, last_name, title, department,  email, country, city, location) values (36, 'Drusie', 'Knipe', 'Developer', 2, 'Drusie.Knipe@BuzzwordSolutions.com', 'United States', 'Dallas', 3);
insert into Employee (id, first_name, last_name, title, department,  email, country, city, location) values (37, 'Zaneta', 'Fawthrop', 'Developer', 2, 'Zaneta.Fawthrop@BuzzwordSolutions.com', 'Brazil', 'São Paulo', 2);
insert into Employee (id, first_name, last_name, title, department,  email, country, city, location) values (38, 'Marena', 'MacCaughey', 'Sales Agent', 1, 'Marena.MacCaughey@BuzzwordSolutions.com', 'United States', 'Dallas', 3);
insert into Employee (id, first_name, last_name, title, department,  email, country, city, location) values (39, 'Cindelyn', 'Shurey', 'Developer', 2, 'Cindelyn.Shurey@BuzzwordSolutions.com', 'Brazil', 'São Paulo', 2);
insert into Employee (id, first_name, last_name, title, department,  email, country, city, location) values (40, 'Tracey', 'Hazley', 'Developer', 2, 'Tracey.Hazley@BuzzwordSolutions.com', 'United States', 'Dallas', 3);
insert into Employee (id, first_name, last_name, title, department,  email, country, city, location) values (41, 'Mylo', 'Philippson', 'Sales Agent', 1, 'Mylo.Philippson@BuzzwordSolutions.com', 'Brazil', 'São Paulo', 2);
insert into Employee (id, first_name, last_name, title, department,  email, country, city, location) values (42, 'Karyn', 'Higgan', 'Sales Agent', 1, 'Karyn.Higgan@BuzzwordSolutions.com', 'United States', 'Dallas', 3);
insert into Employee (id, first_name, last_name, title, department,  email, country, city, location) values (43, 'Remus', 'Sandal', 'Sales Agent', 1, 'Remus.Sandal@BuzzwordSolutions.com', 'Brazil', 'São Paulo', 2);
insert into Employee (id, first_name, last_name, title, department,  email, country, city, location) values (44, 'Roxana', 'Duffell', 'Developer', 2, 'Roxana.Duffell@BuzzwordSolutions.com', 'Japan', 'Tokyo', 1);
insert into Employee (id, first_name, last_name, title, department,  email, country, city, location) values (45, 'Andra', 'Waine', 'Developer', 2, 'Andra.Waine@BuzzwordSolutions.com', 'Brazil', 'São Paulo', 2);
insert into Employee (id, first_name, last_name, title, department,  email, country, city, location) values (46, 'Agustin', 'Gilmour', 'Sales Agent', 1, 'Agustin.Gilmour@BuzzwordSolutions.com', 'Germany', 'Berlin', 5);
insert into Employee (id, first_name, last_name, title, department,  email, country, city, location) values (47, 'Kristal', 'Boyland', 'Developer', 2, 'Kristal.Boyland@BuzzwordSolutions.com', 'United States', 'Dallas', 3);
insert into Employee (id, first_name, last_name, title, department,  email, country, city, location) values (48, 'Burg', 'Ghidelli', 'Developer', 2, 'Burg.Ghidelli@BuzzwordSolutions.com', 'Japan', 'Tokyo', 1);
insert into Employee (id, first_name, last_name, title, department,  email, country, city, location) values (49, 'Norris', 'Maddy', 'Sales Agent', 1, 'Norris.Maddy@BuzzwordSolutions.com', 'United States', 'Dallas', 3);
insert into Employee (id, first_name, last_name, title, department,  email, country, city, location) values (50, 'Lind', 'Forder', 'Sales Agent', 1, 'Lind.Forder@BuzzwordSolutions.com', 'United States', 'Dallas', 3);
insert into Employee (id, first_name, last_name, title, department,  email, country, city, location) values (51, 'Taber', 'Tyson', 'Developer', 2, 'Taber.Tyson@BuzzwordSolutions.com', 'United States', 'Dallas', 3);
insert into Employee (id, first_name, last_name, title, department,  email, country, city, location) values (52, 'Sargent', 'Wytchard', 'Sales Agent', 1, 'Sargent.Wytchard@BuzzwordSolutions.com', 'Brazil', 'São Paulo', 2);
insert into Employee (id, first_name, last_name, title, department,  email, country, city, location) values (53, 'Joeann', 'Gingel', 'Sales Agent', 1, 'Joeann.Gingel@BuzzwordSolutions.com', 'Brazil', 'São Paulo', 2);
insert into Employee (id, first_name, last_name, title, department,  email, country, city, location) values (54, 'Jo', 'Simmance', 'Sales Agent', 1, 'Jo.Simmance@BuzzwordSolutions.com', 'South Africa', 'Johnannesburg', 4);
insert into Employee (id, first_name, last_name, title, department,  email, country, city, location) values (55, 'Meghann', 'Pickless', 'Developer', 2, 'Meghann.Pickless@BuzzwordSolutions.com', 'Brazil', 'São Paulo', 2);
insert into Employee (id, first_name, last_name, title, department,  email, country, city, location) values (56, 'Jose', 'Mulvy', 'Developer', 2, 'Jose.Mulvy@BuzzwordSolutions.com', 'Brazil', 'São Paulo', 2);
insert into Employee (id, first_name, last_name, title, department,  email, country, city, location) values (57, 'Gabrielle', 'Wix', 'Developer', 2, 'Gabrielle.Wix@BuzzwordSolutions.com', 'Brazil', 'São Paulo', 2);
insert into Employee (id, first_name, last_name, title, department,  email, country, city, location) values (58, 'Gaile', 'Scholar', 'Developer', 2, 'Gaile.Scholar@BuzzwordSolutions.com', 'United States', 'Dallas', 3);
insert into Employee (id, first_name, last_name, title, department,  email, country, city, location) values (59, 'Town', 'Abramamovh', 'Sales Agent', 1, 'Town.Abramamovh@BuzzwordSolutions.com', 'Japan', 'Tokyo', 1);
insert into Employee (id, first_name, last_name, title, department,  email, country, city, location) values (60, 'Trenna', 'Dey', 'Developer', 2, 'Trenna.Dey@BuzzwordSolutions.com', 'United States', 'Dallas', 3);
insert into Employee (id, first_name, last_name, title, department,  email, country, city, location) values (61, 'Thatch', 'Grey', 'Developer', 2, 'Thatch.Grey@BuzzwordSolutions.com', 'Brazil', 'São Paulo', 2);
insert into Employee (id, first_name, last_name, title, department,  email, country, city, location) values (62, 'Darice', 'Kinch', 'Sales Agent', 1, 'Darice.Kinch@BuzzwordSolutions.com', 'Brazil', 'São Paulo', 2);
insert into Employee (id, first_name, last_name, title, department,  email, country, city, location) values (63, 'Wang', 'Gilgryst', 'Developer', 2, 'Wang.Gilgryst@BuzzwordSolutions.com', 'Brazil', 'São Paulo', 2);
insert into Employee (id, first_name, last_name, title, department,  email, country, city, location) values (64, 'Willow', 'Anderton', 'Developer', 2, 'Willow.Anderton@BuzzwordSolutions.com', 'Japan', 'Tokyo', 1);
insert into Employee (id, first_name, last_name, title, department,  email, country, city, location) values (65, 'Kathleen', 'Murrey', 'Developer', 2, 'Kathleen.Murrey@BuzzwordSolutions.com', 'United States', 'Dallas', 3);
insert into Employee (id, first_name, last_name, title, department,  email, country, city, location) values (66, 'Jeana', 'Kilbey', 'Developer', 2, 'Jeana.Kilbey@BuzzwordSolutions.com', 'United States', 'Dallas', 3);
insert into Employee (id, first_name, last_name, title, department,  email, country, city, location) values (67, 'Kearney', 'Marson', 'Developer', 2, 'Kearney.Marson@BuzzwordSolutions.com', 'Brazil', 'São Paulo', 2);
insert into Employee (id, first_name, last_name, title, department,  email, country, city, location) values (68, 'Seline', 'Dalloway', 'Sales Agent', 1, 'Seline.Dalloway@BuzzwordSolutions.com', 'Brazil', 'São Paulo', 2);
insert into Employee (id, first_name, last_name, title, department,  email, country, city, location) values (69, 'Leroi', 'de Lloyd', 'Sales Agent', 1, 'Leroi.de Lloyd@BuzzwordSolutions.com', 'United States', 'Dallas', 3);
insert into Employee (id, first_name, last_name, title, department,  email, country, city, location) values (70, 'Becki', 'Bockett', 'Developer', 2, 'Becki.Bockett@BuzzwordSolutions.com', 'Brazil', 'São Paulo', 2);
insert into Employee (id, first_name, last_name, title, department,  email, country, city, location) values (71, 'Yalonda', 'Hurdis', 'Developer', 2, 'Yalonda.Hurdis@BuzzwordSolutions.com', 'Brazil', 'São Paulo', 2);
insert into Employee (id, first_name, last_name, title, department,  email, country, city, location) values (72, 'Cody', 'Fenny', 'Sales Agent', 1, 'Cody.Fenny@BuzzwordSolutions.com', 'Brazil', 'São Paulo', 2);
insert into Employee (id, first_name, last_name, title, department,  email, country, city, location) values (73, 'Therine', 'Conlon', 'Developer', 2, 'Therine.Conlon@BuzzwordSolutions.com', 'United States', 'Dallas', 3);
insert into Employee (id, first_name, last_name, title, department,  email, country, city, location) values (74, 'Marga', 'Nutbeam', 'Developer', 2, 'Marga.Nutbeam@BuzzwordSolutions.com', 'Brazil', 'São Paulo', 2);
insert into Employee (id, first_name, last_name, title, department,  email, country, city, location) values (75, 'Roxanna', 'Davidge', 'Sales Agent', 1, 'Roxanna.Davidge@BuzzwordSolutions.com', 'Brazil', 'São Paulo', 2);
insert into Employee (id, first_name, last_name, title, department,  email, country, city, location) values (76, 'Consuelo', 'Merigon', 'Developer', 2, 'Consuelo.Merigon@BuzzwordSolutions.com', 'South Africa', 'Johnannesburg', 4);
insert into Employee (id, first_name, last_name, title, department,  email, country, city, location) values (77, 'Wilbur', 'Croxley', 'Developer', 2, 'Wilbur.Croxley@BuzzwordSolutions.com', 'Brazil', 'São Paulo', 2);
insert into Employee (id, first_name, last_name, title, department,  email, country, city, location) values (78, 'Felix', 'Snaddin', 'Developer', 2, 'Felix.Snaddin@BuzzwordSolutions.com', 'Japan', 'Tokyo', 1);
insert into Employee (id, first_name, last_name, title, department,  email, country, city, location) values (79, 'Iosep', 'Wheater', 'Developer', 2, 'Iosep.Wheater@BuzzwordSolutions.com', 'Brazil', 'São Paulo', 2);
insert into Employee (id, first_name, last_name, title, department,  email, country, city, location) values (80, 'Willabella', 'Allday', 'Developer', 2, 'Willabella.Allday@BuzzwordSolutions.com', 'Brazil', 'São Paulo', 2);
insert into Employee (id, first_name, last_name, title, department,  email, country, city, location) values (81, 'Bennie', 'Morkham', 'Sales Agent', 1, 'Bennie.Morkham@BuzzwordSolutions.com', 'Germany', 'Berlin', 5);
insert into Employee (id, first_name, last_name, title, department,  email, country, city, location) values (82, 'Leonid', 'Hoyle', 'Sales Agent', 1, 'Leonid.Hoyle@BuzzwordSolutions.com', 'United States', 'Dallas', 3);
insert into Employee (id, first_name, last_name, title, department,  email, country, city, location) values (83, 'Terrence', 'Paladini', 'Developer', 2, 'Terrence.Paladini@BuzzwordSolutions.com', 'Brazil', 'São Paulo', 2);
insert into Employee (id, first_name, last_name, title, department,  email, country, city, location) values (84, 'Minnie', 'Harborow', 'Sales Agent', 1, 'Minnie.Harborow@BuzzwordSolutions.com', 'United States', 'Dallas', 3);
insert into Employee (id, first_name, last_name, title, department,  email, country, city, location) values (85, 'Rahel', 'Well', 'Sales Agent', 1, 'Rahel.Well@BuzzwordSolutions.com', 'Brazil', 'São Paulo', 2);
insert into Employee (id, first_name, last_name, title, department,  email, country, city, location) values (86, 'Karena', 'Murison', 'Developer', 2, 'Karena.Murison@BuzzwordSolutions.com', 'United States', 'Dallas', 3);
insert into Employee (id, first_name, last_name, title, department,  email, country, city, location) values (87, 'Gifford', 'Orgee', 'Sales Agent', 1, 'Gifford.Orgee@BuzzwordSolutions.com', 'Japan', 'Tokyo', 1);
insert into Employee (id, first_name, last_name, title, department,  email, country, city, location) values (88, 'Clemmie', 'Moorerud', 'Sales Agent', 1, 'Clemmie.Moorerud@BuzzwordSolutions.com', 'Brazil', 'São Paulo', 2);
insert into Employee (id, first_name, last_name, title, department,  email, country, city, location) values (89, 'Janos', 'Grewcock', 'Sales Agent', 1, 'Janos.Grewcock@BuzzwordSolutions.com', 'Brazil', 'São Paulo', 2);
insert into Employee (id, first_name, last_name, title, department,  email, country, city, location) values (90, 'Norma', 'Scotchforth', 'Sales Agent', 1, 'Norma.Scotchforth@BuzzwordSolutions.com', 'Japan', 'Tokyo', 1);
insert into Employee (id, first_name, last_name, title, department,  email, country, city, location) values (91, 'Kissee', 'Mulqueeny', 'Developer', 2, 'Kissee.Mulqueeny@BuzzwordSolutions.com', 'Japan', 'Tokyo', 1);
insert into Employee (id, first_name, last_name, title, department,  email, country, city, location) values (92, 'Alexandra', 'Haslegrave', 'Sales Agent', 1, 'Alexandra.Haslegrave@BuzzwordSolutions.com', 'Brazil', 'São Paulo', 2);
insert into Employee (id, first_name, last_name, title, department,  email, country, city, location) values (93, 'Tedi', 'Stanaway', 'Developer', 2, 'Tedi.Stanaway@BuzzwordSolutions.com', 'South Africa', 'Johnannesburg', 4);
insert into Employee (id, first_name, last_name, title, department,  email, country, city, location) values (94, 'Christean', 'Dotson', 'Sales Agent', 1, 'Christean.Dotson@BuzzwordSolutions.com', 'United States', 'Dallas', 3);
insert into Employee (id, first_name, last_name, title, department,  email, country, city, location) values (95, 'Tull', 'Weond', 'Sales Agent', 1, 'Tull.Weond@BuzzwordSolutions.com', 'Brazil', 'São Paulo', 2);
insert into Employee (id, first_name, last_name, title, department,  email, country, city, location) values (96, 'Lorette', 'Cawcutt', 'Developer', 2, 'Lorette.Cawcutt@BuzzwordSolutions.com', 'Brazil', 'São Paulo', 2);
insert into Employee (id, first_name, last_name, title, department,  email, country, city, location) values (97, 'Neall', 'Lardeux', 'Sales Agent', 1, 'Neall.Lardeux@BuzzwordSolutions.com', 'Brazil', 'São Paulo', 2);
insert into Employee (id, first_name, last_name, title, department,  email, country, city, location) values (98, 'Thornie', 'Roos', 'Developer', 2, 'Thornie.Roos@BuzzwordSolutions.com', 'South Africa', 'Johnannesburg', 4);
insert into Employee (id, first_name, last_name, title, department,  email, country, city, location) values (99, 'Viole', 'Tarplee', 'Developer', 2, 'Viole.Tarplee@BuzzwordSolutions.com', 'United States', 'Dallas', 3);
insert into Employee (id, first_name, last_name, title, department,  email, country, city, location) values (100, 'Garnette', 'Beecheno', 'Developer', 2, 'Garnette.Beecheno@BuzzwordSolutions.com', 'Japan', 'Tokyo', 1);
insert into Employee (id, first_name, last_name, title, department,  email, country, city, location) values (101, 'Den', 'Blennerhassett', 'Developer', 2, 'Den.Blennerhassett@BuzzwordSolutions.com', 'Brazil', 'São Paulo', 2);
insert into Employee (id, first_name, last_name, title, department,  email, country, city, location) values (102, 'Jackquelin', 'Lackeye', 'Sales Agent', 1, 'Jackquelin.Lackeye@BuzzwordSolutions.com', 'Japan', 'Tokyo', 1);
insert into Employee (id, first_name, last_name, title, department,  email, country, city, location) values (103, 'Myrtia', 'Aicheson', 'Sales Agent', 1, 'Myrtia.Aicheson@BuzzwordSolutions.com', 'Japan', 'Tokyo', 1);
insert into Employee (id, first_name, last_name, title, department,  email, country, city, location) values (104, 'Aveline', 'Studdert', 'Developer', 2, 'Aveline.Studdert@BuzzwordSolutions.com', 'Brazil', 'São Paulo', 2);
insert into Employee (id, first_name, last_name, title, department,  email, country, city, location) values (105, 'Auguste', 'Aldcorn', 'Developer', 2, 'Auguste.Aldcorn@BuzzwordSolutions.com', 'United States', 'Dallas', 3);
insert into Employee (id, first_name, last_name, title, department,  email, country, city, location) values (106, 'Carlin', 'MacDermott', 'Developer', 2, 'Carlin.MacDermott@BuzzwordSolutions.com', 'Japan', 'Tokyo', 1);
insert into Employee (id, first_name, last_name, title, department,  email, country, city, location) values (107, 'Tina', 'Vasyutochkin', 'Developer', 2, 'Tina.Vasyutochkin@BuzzwordSolutions.com', 'Brazil', 'São Paulo', 2);
insert into Employee (id, first_name, last_name, title, department,  email, country, city, location) values (108, 'Elysia', 'Rosenzveig', 'Developer', 2, 'Elysia.Rosenzveig@BuzzwordSolutions.com', 'South Africa', 'Johnannesburg', 4);
insert into Employee (id, first_name, last_name, title, department,  email, country, city, location) values (109, 'Cindie', 'Gourdon', 'Developer', 2, 'Cindie.Gourdon@BuzzwordSolutions.com', 'Brazil', 'São Paulo', 2);
insert into Employee (id, first_name, last_name, title, department,  email, country, city, location) values (110, 'Ann', 'Labbet', 'Sales Agent', 1, 'Ann.Labbet@BuzzwordSolutions.com', 'Brazil', 'São Paulo', 2);
insert into Employee (id, first_name, last_name, title, department,  email, country, city, location) values (111, 'Leonerd', 'Sayle', 'Developer', 2, 'Leonerd.Sayle@BuzzwordSolutions.com', 'Brazil', 'São Paulo', 2);
insert into Employee (id, first_name, last_name, title, department,  email, country, city, location) values (112, 'Robyn', 'Finnes', 'Developer', 2, 'Robyn.Finnes@BuzzwordSolutions.com', 'Brazil', 'São Paulo', 2);
insert into Employee (id, first_name, last_name, title, department,  email, country, city, location) values (113, 'Florry', 'Caulkett', 'Sales Agent', 1, 'Florry.Caulkett@BuzzwordSolutions.com', 'Japan', 'Tokyo', 1);
insert into Employee (id, first_name, last_name, title, department,  email, country, city, location) values (114, 'Lexine', 'Jacobowicz', 'Developer', 2, 'Lexine.Jacobowicz@BuzzwordSolutions.com', 'United States', 'Dallas', 3);
insert into Employee (id, first_name, last_name, title, department,  email, country, city, location) values (115, 'Jinny', 'Muddiman', 'Developer', 2, 'Jinny.Muddiman@BuzzwordSolutions.com', 'Brazil', 'São Paulo', 2);
insert into Employee (id, first_name, last_name, title, department,  email, country, city, location) values (116, 'Brigitta', 'Dinsale', 'Sales Agent', 1, 'Brigitta.Dinsale@BuzzwordSolutions.com', 'South Africa', 'Johnannesburg', 4);
insert into Employee (id, first_name, last_name, title, department,  email, country, city, location) values (117, 'Inesita', 'Branigan', 'Developer', 2, 'Inesita.Branigan@BuzzwordSolutions.com', 'United States', 'Dallas', 3);
insert into Employee (id, first_name, last_name, title, department,  email, country, city, location) values (118, 'Weston', 'Bursell', 'Developer', 2, 'Weston.Bursell@BuzzwordSolutions.com', 'Brazil', 'São Paulo', 2);
insert into Employee (id, first_name, last_name, title, department,  email, country, city, location) values (119, 'Haywood', 'Wareham', 'Developer', 2, 'Haywood.Wareham@BuzzwordSolutions.com', 'Brazil', 'São Paulo', 2);
insert into Employee (id, first_name, last_name, title, department,  email, country, city, location) values (120, 'Sawyer', 'Fontes', 'Developer', 2, 'Sawyer.Fontes@BuzzwordSolutions.com', 'Brazil', 'São Paulo', 2);
insert into Employee (id, first_name, last_name, title, department,  email, country, city, location) values (121, 'Lilas', 'Sellors', 'Developer', 2, 'Lilas.Sellors@BuzzwordSolutions.com', 'United States', 'Dallas', 3);
insert into Employee (id, first_name, last_name, title, department,  email, country, city, location) values (122, 'Flory', 'Horley', 'Sales Agent', 1, 'Flory.Horley@BuzzwordSolutions.com', 'United States', 'Dallas', 3);
insert into Employee (id, first_name, last_name, title, department,  email, country, city, location) values (123, 'Dannye', 'Andrioli', 'Sales Agent', 1, 'Dannye.Andrioli@BuzzwordSolutions.com', 'United States', 'Dallas', 3);
insert into Employee (id, first_name, last_name, title, department,  email, country, city, location) values (124, 'George', 'Snyder', 'Sales Agent', 1, 'George.Snyder@BuzzwordSolutions.com', 'Brazil', 'São Paulo', 2);
insert into Employee (id, first_name, last_name, title, department,  email, country, city, location) values (125, 'Ernst', 'McEntee', 'Developer', 2, 'Ernst.McEntee@BuzzwordSolutions.com', 'Germany', 'Berlin', 5);
insert into Employee (id, first_name, last_name, title, department,  email, country, city, location) values (126, 'Caterina', 'Keightley', 'Sales Agent', 1, 'Caterina.Keightley@BuzzwordSolutions.com', 'Brazil', 'São Paulo', 2);
insert into Employee (id, first_name, last_name, title, department,  email, country, city, location) values (127, 'Arlyn', 'Pantlin', 'Sales Agent', 1, 'Arlyn.Pantlin@BuzzwordSolutions.com', 'United States', 'Dallas', 3);
insert into Employee (id, first_name, last_name, title, department,  email, country, city, location) values (128, 'Aarika', 'Hayman', 'Developer', 2, 'Aarika.Hayman@BuzzwordSolutions.com', 'South Africa', 'Johnannesburg', 4);
insert into Employee (id, first_name, last_name, title, department,  email, country, city, location) values (129, 'Brocky', 'Meegan', 'Sales Agent', 1, 'Brocky.Meegan@BuzzwordSolutions.com', 'Japan', 'Tokyo', 1);
insert into Employee (id, first_name, last_name, title, department,  email, country, city, location) values (130, 'Jane', 'Bichard', 'Developer', 2, 'Jane.Bichard@BuzzwordSolutions.com', 'United States', 'Dallas', 3);
insert into Employee (id, first_name, last_name, title, department,  email, country, city, location) values (131, 'Honey', 'Clutram', 'Developer', 2, 'Honey.Clutram@BuzzwordSolutions.com', 'Brazil', 'São Paulo', 2);
insert into Employee (id, first_name, last_name, title, department,  email, country, city, location) values (132, 'Lori', 'Morecomb', 'Developer', 2, 'Lori.Morecomb@BuzzwordSolutions.com', 'Japan', 'Tokyo', 1);
insert into Employee (id, first_name, last_name, title, department,  email, country, city, location) values (133, 'Brinna', 'Tyrwhitt', 'Developer', 2, 'Brinna.Tyrwhitt@BuzzwordSolutions.com', 'Brazil', 'São Paulo', 2);
insert into Employee (id, first_name, last_name, title, department,  email, country, city, location) values (134, 'Dilan', 'Pellissier', 'Sales Agent', 1, 'Dilan.Pellissier@BuzzwordSolutions.com', 'Japan', 'Tokyo', 1);
insert into Employee (id, first_name, last_name, title, department,  email, country, city, location) values (135, 'Karol', 'Dunning', 'Developer', 2, 'Karol.Dunning@BuzzwordSolutions.com', 'Brazil', 'São Paulo', 2);
insert into Employee (id, first_name, last_name, title, department,  email, country, city, location) values (136, 'Terencio', 'Whiteley', 'Developer', 2, 'Terencio.Whiteley@BuzzwordSolutions.com', 'Brazil', 'São Paulo', 2);
insert into Employee (id, first_name, last_name, title, department,  email, country, city, location) values (137, 'Dawna', 'Papierz', 'Developer', 2, 'Dawna.Papierz@BuzzwordSolutions.com', 'Brazil', 'São Paulo', 2);
insert into Employee (id, first_name, last_name, title, department,  email, country, city, location) values (138, 'Andra', 'Whorf', 'Sales Agent', 1, 'Andra.Whorf@BuzzwordSolutions.com', 'South Africa', 'Johnannesburg', 4);
insert into Employee (id, first_name, last_name, title, department,  email, country, city, location) values (139, 'Iormina', 'Pinilla', 'Developer', 2, 'Iormina.Pinilla@BuzzwordSolutions.com', 'Brazil', 'São Paulo', 2);
insert into Employee (id, first_name, last_name, title, department,  email, country, city, location) values (140, 'Merrill', 'Gidley', 'Developer', 2, 'Merrill.Gidley@BuzzwordSolutions.com', 'Japan', 'Tokyo', 1);
insert into Employee (id, first_name, last_name, title, department,  email, country, city, location) values (141, 'Myron', 'Walworth', 'Developer', 2, 'Myron.Walworth@BuzzwordSolutions.com', 'Japan', 'Tokyo', 1);
insert into Employee (id, first_name, last_name, title, department,  email, country, city, location) values (142, 'Riki', 'Poor', 'Developer', 2, 'Riki.Poor@BuzzwordSolutions.com', 'United States', 'Dallas', 3);
insert into Employee (id, first_name, last_name, title, department,  email, country, city, location) values (143, 'Tiff', 'Selborne', 'Sales Agent', 1, 'Tiff.Selborne@BuzzwordSolutions.com', 'United States', 'Dallas', 3);
insert into Employee (id, first_name, last_name, title, department,  email, country, city, location) values (144, 'Kristoffer', 'Haddock', 'Developer', 2, 'Kristoffer.Haddock@BuzzwordSolutions.com', 'Brazil', 'São Paulo', 2);
insert into Employee (id, first_name, last_name, title, department,  email, country, city, location) values (145, 'Roch', 'Caines', 'Developer', 2, 'Roch.Caines@BuzzwordSolutions.com', 'United States', 'Dallas', 3);
insert into Employee (id, first_name, last_name, title, department,  email, country, city, location) values (146, 'Vivien', 'Mercey', 'Sales Agent', 1, 'Vivien.Mercey@BuzzwordSolutions.com', 'Brazil', 'São Paulo', 2);
insert into Employee (id, first_name, last_name, title, department,  email, country, city, location) values (147, 'Yoko', 'Placidi', 'Developer', 2, 'Yoko.Placidi@BuzzwordSolutions.com', 'Japan', 'Tokyo', 1);
insert into Employee (id, first_name, last_name, title, department,  email, country, city, location) values (148, 'Eunice', 'Trayhorn', 'Sales Agent', 1, 'Eunice.Trayhorn@BuzzwordSolutions.com', 'Brazil', 'São Paulo', 2);
insert into Employee (id, first_name, last_name, title, department,  email, country, city, location) values (149, 'Pietro', 'Harrower', 'Developer', 2, 'Pietro.Harrower@BuzzwordSolutions.com', 'Brazil', 'São Paulo', 2);
insert into Employee (id, first_name, last_name, title, department,  email, country, city, location) values (150, 'Raye', 'Ballsdon', 'Developer', 2, 'Raye.Ballsdon@BuzzwordSolutions.com', 'United States', 'Dallas', 3);
insert into Employee (id, first_name, last_name, title, department,  email, country, city, location) values (151, 'Krishna', 'Ianno', 'Developer', 2, 'Krishna.Ianno@BuzzwordSolutions.com', 'United States', 'Dallas', 3);
insert into Employee (id, first_name, last_name, title, department,  email, country, city, location) values (152, 'Patrice', 'Hampe', 'Developer', 2, 'Patrice.Hampe@BuzzwordSolutions.com', 'United States', 'Dallas', 3);
insert into Employee (id, first_name, last_name, title, department,  email, country, city, location) values (153, 'Gerrie', 'Findlay', 'Developer', 2, 'Gerrie.Findlay@BuzzwordSolutions.com', 'Brazil', 'São Paulo', 2);
insert into Employee (id, first_name, last_name, title, department,  email, country, city, location) values (154, 'Ashley', 'Kneath', 'Developer', 2, 'Ashley.Kneath@BuzzwordSolutions.com', 'Japan', 'Tokyo', 1);
insert into Employee (id, first_name, last_name, title, department,  email, country, city, location) values (155, 'Niels', 'McCambrois', 'Sales Agent', 1, 'Niels.McCambrois@BuzzwordSolutions.com', 'Brazil', 'São Paulo', 2);
insert into Employee (id, first_name, last_name, title, department,  email, country, city, location) values (156, 'Auberon', 'Wint', 'Developer', 2, 'Auberon.Wint@BuzzwordSolutions.com', 'Brazil', 'São Paulo', 2);
insert into Employee (id, first_name, last_name, title, department,  email, country, city, location) values (157, 'Tybie', 'Lashmar', 'Developer', 2, 'Tybie.Lashmar@BuzzwordSolutions.com', 'Brazil', 'São Paulo', 2);
insert into Employee (id, first_name, last_name, title, department,  email, country, city, location) values (158, 'Luisa', 'Manshaw', 'Sales Agent', 1, 'Luisa.Manshaw@BuzzwordSolutions.com', 'United States', 'Dallas', 3);
insert into Employee (id, first_name, last_name, title, department,  email, country, city, location) values (159, 'Thekla', 'Toopin', 'Developer', 2, 'Thekla.Toopin@BuzzwordSolutions.com', 'Japan', 'Tokyo', 1);
insert into Employee (id, first_name, last_name, title, department,  email, country, city, location) values (160, 'Keslie', 'Rosina', 'Manager', 1, 'Keslie.Rosina@BuzzwordSolutions.com', 'Germany', 'Berlin', 5);
insert into Employee (id, first_name, last_name, title, department,  email, country, city, location) values (161, 'Harv', 'Mart', 'Sales Agent', 1, 'Harv.Mart@BuzzwordSolutions.com', 'Japan', 'Tokyo', 1);
insert into Employee (id, first_name, last_name, title, department,  email, country, city, location) values (162, 'Moritz', 'Zuan', 'Developer', 2, 'Moritz.Zuan@BuzzwordSolutions.com', 'Brazil', 'São Paulo', 2);
insert into Employee (id, first_name, last_name, title, department,  email, country, city, location) values (163, 'Briggs', 'Szymonwicz', 'Developer', 2, 'Briggs.Szymonwicz@BuzzwordSolutions.com', 'South Africa', 'Johnannesburg', 4);
insert into Employee (id, first_name, last_name, title, department,  email, country, city, location) values (164, 'Hallie', 'Back', 'Sales Agent', 1, 'Hallie.Back@BuzzwordSolutions.com', 'Brazil', 'São Paulo', 2);
insert into Employee (id, first_name, last_name, title, department,  email, country, city, location) values (165, 'Alix', 'Francescuzzi', 'Developer', 2, 'Alix.Francescuzzi@BuzzwordSolutions.com', 'United States', 'Dallas', 3);
insert into Employee (id, first_name, last_name, title, department,  email, country, city, location) values (166, 'Correna', 'Rumgay', 'Developer', 2, 'Correna.Rumgay@BuzzwordSolutions.com', 'South Africa', 'Johnannesburg', 4);
insert into Employee (id, first_name, last_name, title, department,  email, country, city, location) values (167, 'Antonie', 'Swansbury', 'Developer', 2, 'Antonie.Swansbury@BuzzwordSolutions.com', 'Japan', 'Tokyo', 1);
insert into Employee (id, first_name, last_name, title, department,  email, country, city, location) values (168, 'John', 'Josskovitz', 'Developer', 2, 'John.Josskovitz@BuzzwordSolutions.com', 'Brazil', 'São Paulo', 2);
insert into Employee (id, first_name, last_name, title, department,  email, country, city, location) values (169, 'Fitzgerald', 'Ionesco', 'Developer', 2, 'Fitzgerald.Ionesco@BuzzwordSolutions.com', 'United States', 'Dallas', 3);
insert into Employee (id, first_name, last_name, title, department,  email, country, city, location) values (170, 'Marci', 'Speachley', 'Sales Agent', 1, 'Marci.Speachley@BuzzwordSolutions.com', 'Japan', 'Tokyo', 1);
insert into Employee (id, first_name, last_name, title, department,  email, country, city, location) values (171, 'Harmonie', 'Doncom', 'Developer', 2, 'Harmonie.Doncom@BuzzwordSolutions.com', 'Brazil', 'São Paulo', 2);
insert into Employee (id, first_name, last_name, title, department,  email, country, city, location) values (172, 'Gerianne', 'Powter', 'Developer', 2, 'Gerianne.Powter@BuzzwordSolutions.com', 'Brazil', 'São Paulo', 2);
insert into Employee (id, first_name, last_name, title, department,  email, country, city, location) values (173, 'Humfried', 'Hundy', 'Developer', 2, 'Humfried.Hundy@BuzzwordSolutions.com', 'Brazil', 'São Paulo', 2);
insert into Employee (id, first_name, last_name, title, department,  email, country, city, location) values (174, 'Easter', 'Braker', 'Developer', 2, 'Easter.Braker@BuzzwordSolutions.com', 'United States', 'Dallas', 3);
insert into Employee (id, first_name, last_name, title, department,  email, country, city, location) values (175, 'Ceil', 'Lampe', 'Developer', 2, 'Ceil.Lampe@BuzzwordSolutions.com', 'Japan', 'Tokyo', 1);
insert into Employee (id, first_name, last_name, title, department,  email, country, city, location) values (176, 'Muffin', 'Aulds', 'Sales Agent', 1, 'Muffin.Aulds@BuzzwordSolutions.com', 'Brazil', 'São Paulo', 2);
insert into Employee (id, first_name, last_name, title, department,  email, country, city, location) values (177, 'Cornelle', 'Garretts', 'Developer', 2, 'Cornelle.Garretts@BuzzwordSolutions.com', 'Brazil', 'São Paulo', 2);
insert into Employee (id, first_name, last_name, title, department,  email, country, city, location) values (178, 'Wolfie', 'Sweed', 'Sales Agent', 1, 'Wolfie.Sweed@BuzzwordSolutions.com', 'United States', 'Dallas', 3);
insert into Employee (id, first_name, last_name, title, department,  email, country, city, location) values (179, 'Sheryl', 'Kubelka', 'Developer', 2, 'Sheryl.Kubelka@BuzzwordSolutions.com', 'Brazil', 'São Paulo', 2);
insert into Employee (id, first_name, last_name, title, department,  email, country, city, location) values (180, 'Justino', 'Raithmill', 'Sales Agent', 1, 'Justino.Raithmill@BuzzwordSolutions.com', 'United States', 'Dallas', 3);
insert into Employee (id, first_name, last_name, title, department,  email, country, city, location) values (181, 'Lindy', 'Southwick', 'Developer', 2, 'Lindy.Southwick@BuzzwordSolutions.com', 'Brazil', 'São Paulo', 2);
insert into Employee (id, first_name, last_name, title, department,  email, country, city, location) values (182, 'Thornton', 'Lewins', 'Sales Agent', 1, 'Thornton.Lewins@BuzzwordSolutions.com', 'United States', 'Dallas', 3);
insert into Employee (id, first_name, last_name, title, department,  email, country, city, location) values (183, 'Chicky', 'Karpov', 'Developer', 2, 'Chicky.Karpov@BuzzwordSolutions.com', 'South Africa', 'Johnannesburg', 4);
insert into Employee (id, first_name, last_name, title, department,  email, country, city, location) values (184, 'Susannah', 'Thorouggood', 'Sales Agent', 1, 'Susannah.Thorouggood@BuzzwordSolutions.com', 'Brazil', 'São Paulo', 2);
insert into Employee (id, first_name, last_name, title, department,  email, country, city, location) values (185, 'Kellen', 'Garrity', 'Sales Agent', 1, 'Kellen.Garrity@BuzzwordSolutions.com', 'Germany', 'Berlin', 5);
insert into Employee (id, first_name, last_name, title, department,  email, country, city, location) values (186, 'Lark', 'Gladbeck', 'Sales Agent', 1, 'Lark.Gladbeck@BuzzwordSolutions.com', 'Brazil', 'São Paulo', 2);
insert into Employee (id, first_name, last_name, title, department,  email, country, city, location) values (187, 'Estevan', 'Gaspero', 'Developer', 2, 'Estevan.Gaspero@BuzzwordSolutions.com', 'United States', 'Dallas', 3);
insert into Employee (id, first_name, last_name, title, department,  email, country, city, location) values (188, 'Hamlin', 'Ivie', 'Sales Agent', 1, 'Hamlin.Ivie@BuzzwordSolutions.com', 'Brazil', 'São Paulo', 2);
insert into Employee (id, first_name, last_name, title, department,  email, country, city, location) values (189, 'Audrie', 'Huard', 'Sales Agent', 1, 'Audrie.Huard@BuzzwordSolutions.com', 'Brazil', 'São Paulo', 2);
insert into Employee (id, first_name, last_name, title, department,  email, country, city, location) values (190, 'William', 'Cassius', 'Developer', 2, 'William.Cassius@BuzzwordSolutions.com', 'Brazil', 'São Paulo', 2);
insert into Employee (id, first_name, last_name, title, department,  email, country, city, location) values (191, 'Hyacinthia', 'Napoleone', 'Developer', 2, 'Hyacinthia.Napoleone@BuzzwordSolutions.com', 'United States', 'Dallas', 3);
insert into Employee (id, first_name, last_name, title, department,  email, country, city, location) values (192, 'Isabella', 'Duffield', 'Developer', 2, 'Isabella.Duffield@BuzzwordSolutions.com', 'Brazil', 'São Paulo', 2);
insert into Employee (id, first_name, last_name, title, department,  email, country, city, location) values (193, 'Carolyn', 'Matignon', 'Developer', 2, 'Carolyn.Matignon@BuzzwordSolutions.com', 'South Africa', 'Johnannesburg', 4);
insert into Employee (id, first_name, last_name, title, department,  email, country, city, location) values (194, 'Maurise', 'Beasant', 'Developer', 2, 'Maurise.Beasant@BuzzwordSolutions.com', 'Brazil', 'São Paulo', 2);
insert into Employee (id, first_name, last_name, title, department,  email, country, city, location) values (195, 'Rosamond', 'Lorie', 'Developer', 2, 'Rosamond.Lorie@BuzzwordSolutions.com', 'South Africa', 'Johnannesburg', 4);
insert into Employee (id, first_name, last_name, title, department,  email, country, city, location) values (196, 'Harri', 'Focke', 'Developer', 2, 'Harri.Focke@BuzzwordSolutions.com', 'United States', 'Dallas', 3);
insert into Employee (id, first_name, last_name, title, department,  email, country, city, location) values (197, 'Oswell', 'Grishukhin', 'Sales Agent', 1, 'Oswell.Grishukhin@BuzzwordSolutions.com', 'Brazil', 'São Paulo', 2);
insert into Employee (id, first_name, last_name, title, department,  email, country, city, location) values (198, 'Dirk', 'Frick', 'Sales Agent', 1, 'Dirk.Frick@BuzzwordSolutions.com', 'Brazil', 'São Paulo', 2);
insert into Employee (id, first_name, last_name, title, department,  email, country, city, location) values (199, 'Idelle', 'Irvin', 'Developer', 2, 'Idelle.Irvin@BuzzwordSolutions.com', 'Brazil', 'São Paulo', 2);
insert into Employee (id, first_name, last_name, title, department,  email, country, city, location) values (200, 'Seana', 'Fillgate', 'Sales Agent', 1, 'Seana.Fillgate@BuzzwordSolutions.com', 'Brazil', 'São Paulo', 2);
insert into Employee (id, first_name, last_name, title, department,  email, country, city, location) values (201, 'Carolyne', 'Rottcher', 'Developer', 2, 'Carolyne.Rottcher@BuzzwordSolutions.com', 'Japan', 'Tokyo', 1);
insert into Employee (id, first_name, last_name, title, department,  email, country, city, location) values (202, 'Alma', 'McCosker', 'Developer', 2, 'Alma.McCosker@BuzzwordSolutions.com', 'Japan', 'Tokyo', 1);
insert into Employee (id, first_name, last_name, title, department,  email, country, city, location) values (203, 'Ami', 'Parmley', 'Developer', 2, 'Ami.Parmley@BuzzwordSolutions.com', 'Japan', 'Tokyo', 1);
insert into Employee (id, first_name, last_name, title, department,  email, country, city, location) values (204, 'Rod', 'Bleackly', 'Developer', 2, 'Rod.Bleackly@BuzzwordSolutions.com', 'Brazil', 'São Paulo', 2);
insert into Employee (id, first_name, last_name, title, department,  email, country, city, location) values (205, 'Jacky', 'Francis', 'Developer', 2, 'Jacky.Francis@BuzzwordSolutions.com', 'Brazil', 'São Paulo', 2);
insert into Employee (id, first_name, last_name, title, department,  email, country, city, location) values (206, 'Bibbie', 'Rothschild', 'Developer', 2, 'Bibbie.Rothschild@BuzzwordSolutions.com', 'United States', 'Dallas', 3);
insert into Employee (id, first_name, last_name, title, department,  email, country, city, location) values (207, 'Adela', 'Goodricke', 'Developer', 2, 'Adela.Goodricke@BuzzwordSolutions.com', 'Brazil', 'São Paulo', 2);
insert into Employee (id, first_name, last_name, title, department,  email, country, city, location) values (208, 'Burt', 'Tuxill', 'Developer', 2, 'Burt.Tuxill@BuzzwordSolutions.com', 'Brazil', 'São Paulo', 2);
insert into Employee (id, first_name, last_name, title, department,  email, country, city, location) values (209, 'Adoree', 'Van Driel', 'Developer', 2, 'Adoree.Van Driel@BuzzwordSolutions.com', 'Japan', 'Tokyo', 1);
insert into Employee (id, first_name, last_name, title, department,  email, country, city, location) values (210, 'Patrizius', 'Walkey', 'Developer', 2, 'Patrizius.Walkey@BuzzwordSolutions.com', 'Brazil', 'São Paulo', 2);
insert into Employee (id, first_name, last_name, title, department,  email, country, city, location) values (211, 'Waite', 'Sisneros', 'Sales Agent', 1, 'Waite.Sisneros@BuzzwordSolutions.com', 'United States', 'Dallas', 3);
insert into Employee (id, first_name, last_name, title, department,  email, country, city, location) values (212, 'Reid', 'Kinton', 'Developer', 2, 'Reid.Kinton@BuzzwordSolutions.com', 'Japan', 'Tokyo', 1);
insert into Employee (id, first_name, last_name, title, department,  email, country, city, location) values (213, 'Rebecca', 'Mulderrig', 'Developer', 2, 'Rebecca.Mulderrig@BuzzwordSolutions.com', 'United States', 'Dallas', 3);
insert into Employee (id, first_name, last_name, title, department,  email, country, city, location) values (214, 'Sher', 'Basil', 'Sales Agent', 1, 'Sher.Basil@BuzzwordSolutions.com', 'South Africa', 'Johnannesburg', 4);
insert into Employee (id, first_name, last_name, title, department,  email, country, city, location) values (215, 'Gratia', 'Gurnee', 'Manager', 4, 'Gratia.Gurnee@BuzzwordSolutions.com', 'United States', 'Dallas', 3);
insert into Employee (id, first_name, last_name, title, department,  email, country, city, location) values (216, 'Elysia', 'Curwen', 'Developer', 2, 'Elysia.Curwen@BuzzwordSolutions.com', 'Brazil', 'São Paulo', 2);
insert into Employee (id, first_name, last_name, title, department,  email, country, city, location) values (217, 'Jocko', 'Labadini', 'Developer', 2, 'Jocko.Labadini@BuzzwordSolutions.com', 'Brazil', 'São Paulo', 2);
insert into Employee (id, first_name, last_name, title, department,  email, country, city, location) values (218, 'Sarge', 'Backe', 'Sales Agent', 1, 'Sarge.Backe@BuzzwordSolutions.com', 'Brazil', 'São Paulo', 2);
insert into Employee (id, first_name, last_name, title, department,  email, country, city, location) values (219, 'Raimundo', 'Burcombe', 'Developer', 2, 'Raimundo.Burcombe@BuzzwordSolutions.com', 'Germany', 'Berlin', 5);
insert into Employee (id, first_name, last_name, title, department,  email, country, city, location) values (220, 'Lucien', 'Nuccii', 'Developer', 2, 'Lucien.Nuccii@BuzzwordSolutions.com', 'Brazil', 'São Paulo', 2);
insert into Employee (id, first_name, last_name, title, department,  email, country, city, location) values (221, 'Edi', 'Gleeson', 'Sales Agent', 1, 'Edi.Gleeson@BuzzwordSolutions.com', 'Japan', 'Tokyo', 1);
insert into Employee (id, first_name, last_name, title, department,  email, country, city, location) values (222, 'Gilbertina', 'Godon', 'Developer', 2, 'Gilbertina.Godon@BuzzwordSolutions.com', 'Brazil', 'São Paulo', 2);
insert into Employee (id, first_name, last_name, title, department,  email, country, city, location) values (223, 'Lamond', 'Pitchford', 'Sales Agent', 1, 'Lamond.Pitchford@BuzzwordSolutions.com', 'South Africa', 'Johnannesburg', 4);
insert into Employee (id, first_name, last_name, title, department,  email, country, city, location) values (224, 'Paulo', 'Pallas', 'Developer', 2, 'Paulo.Pallas@BuzzwordSolutions.com', 'Japan', 'Tokyo', 1);
insert into Employee (id, first_name, last_name, title, department,  email, country, city, location) values (225, 'Dorrie', 'Pitkeathley', 'Developer', 2, 'Dorrie.Pitkeathley@BuzzwordSolutions.com', 'Brazil', 'São Paulo', 2);
insert into Employee (id, first_name, last_name, title, department,  email, country, city, location) values (226, 'Hasheem', 'Widdop', 'Developer', 2, 'Hasheem.Widdop@BuzzwordSolutions.com', 'South Africa', 'Johnannesburg', 4);
insert into Employee (id, first_name, last_name, title, department,  email, country, city, location) values (227, 'Oates', 'Beviss', 'Developer', 2, 'Oates.Beviss@BuzzwordSolutions.com', 'Brazil', 'São Paulo', 2);
insert into Employee (id, first_name, last_name, title, department,  email, country, city, location) values (228, 'Hermione', 'Harle', 'Developer', 2, 'Hermione.Harle@BuzzwordSolutions.com', 'Brazil', 'São Paulo', 2);
insert into Employee (id, first_name, last_name, title, department,  email, country, city, location) values (229, 'Trefor', 'Wands', 'Developer', 2, 'Trefor.Wands@BuzzwordSolutions.com', 'Brazil', 'São Paulo', 2);
insert into Employee (id, first_name, last_name, title, department,  email, country, city, location) values (230, 'Lori', 'Kuller', 'Sales Agent', 1, 'Lori.Kuller@BuzzwordSolutions.com', 'Japan', 'Tokyo', 1);
insert into Employee (id, first_name, last_name, title, department,  email, country, city, location) values (231, 'Yancy', 'Trickey', 'Developer', 2, 'Yancy.Trickey@BuzzwordSolutions.com', 'Brazil', 'São Paulo', 2);
insert into Employee (id, first_name, last_name, title, department,  email, country, city, location) values (232, 'Margret', 'Lothean', 'Developer', 2, 'Margret.Lothean@BuzzwordSolutions.com', 'United States', 'Dallas', 3);
insert into Employee (id, first_name, last_name, title, department,  email, country, city, location) values (233, 'Joseph', 'Casella', 'Developer', 2, 'Joseph.Casella@BuzzwordSolutions.com', 'Brazil', 'São Paulo', 2);
insert into Employee (id, first_name, last_name, title, department,  email, country, city, location) values (234, 'Courtney', 'Judgkins', 'Developer', 2, 'Courtney.Judgkins@BuzzwordSolutions.com', 'Japan', 'Tokyo', 1);
insert into Employee (id, first_name, last_name, title, department,  email, country, city, location) values (235, 'Boris', 'McInnerny', 'Sales Agent', 1, 'Boris.McInnerny@BuzzwordSolutions.com', 'Brazil', 'São Paulo', 2);
insert into Employee (id, first_name, last_name, title, department,  email, country, city, location) values (236, 'Dillon', 'Grzelczyk', 'Sales Agent', 1, 'Dillon.Grzelczyk@BuzzwordSolutions.com', 'Brazil', 'São Paulo', 2);
insert into Employee (id, first_name, last_name, title, department,  email, country, city, location) values (237, 'Fallon', 'Perrygo', 'Developer', 2, 'Fallon.Perrygo@BuzzwordSolutions.com', 'Brazil', 'São Paulo', 2);
insert into Employee (id, first_name, last_name, title, department,  email, country, city, location) values (238, 'Tony', 'Purveys', 'Developer', 2, 'Tony.Purveys@BuzzwordSolutions.com', 'Brazil', 'São Paulo', 2);
insert into Employee (id, first_name, last_name, title, department,  email, country, city, location) values (239, 'Maryanna', 'Skerm', 'Developer', 2, 'Maryanna.Skerm@BuzzwordSolutions.com', 'United States', 'Dallas', 3);
insert into Employee (id, first_name, last_name, title, department,  email, country, city, location) values (240, 'Tracie', 'Markie', 'Sales Agent', 1, 'Tracie.Markie@BuzzwordSolutions.com', 'United States', 'Dallas', 3);
insert into Employee (id, first_name, last_name, title, department,  email, country, city, location) values (241, 'Bellanca', 'Wardhaw', 'Developer', 2, 'Bellanca.Wardhaw@BuzzwordSolutions.com', 'Japan', 'Tokyo', 1);
insert into Employee (id, first_name, last_name, title, department,  email, country, city, location) values (242, 'Harold', 'Thraves', 'Developer', 2, 'Harold.Thraves@BuzzwordSolutions.com', 'Brazil', 'São Paulo', 2);
insert into Employee (id, first_name, last_name, title, department,  email, country, city, location) values (243, 'Ron', 'Baser', 'Developer', 2, 'Ron.Baser@BuzzwordSolutions.com', 'Japan', 'Tokyo', 1);
insert into Employee (id, first_name, last_name, title, department,  email, country, city, location) values (244, 'Jordan', 'Baudassi', 'Developer', 2, 'Jordan.Baudassi@BuzzwordSolutions.com', 'South Africa', 'Johnannesburg', 4);
insert into Employee (id, first_name, last_name, title, department,  email, country, city, location) values (245, 'Mommy', 'Smitton', 'Developer', 2, 'Mommy.Smitton@BuzzwordSolutions.com', 'Brazil', 'São Paulo', 2);
insert into Employee (id, first_name, last_name, title, department,  email, country, city, location) values (246, 'Gabriel', 'Donhardt', 'Developer', 2, 'Gabriel.Donhardt@BuzzwordSolutions.com', 'Brazil', 'São Paulo', 2);
insert into Employee (id, first_name, last_name, title, department,  email, country, city, location) values (247, 'Nonna', 'Dossettor', 'Developer', 2, 'Nonna.Dossettor@BuzzwordSolutions.com', 'Japan', 'Tokyo', 1);
insert into Employee (id, first_name, last_name, title, department,  email, country, city, location) values (248, 'Arleen', 'Gent', 'Developer', 2, 'Arleen.Gent@BuzzwordSolutions.com', 'Brazil', 'São Paulo', 2);
insert into Employee (id, first_name, last_name, title, department,  email, country, city, location) values (249, 'Vicky', 'Lumsdon', 'Sales Agent', 1, 'Vicky.Lumsdon@BuzzwordSolutions.com', 'Brazil', 'São Paulo', 2);
insert into Employee (id, first_name, last_name, title, department,  email, country, city, location) values (250, 'Algernon', 'Affuso', 'Developer', 2, 'Algernon.Affuso@BuzzwordSolutions.com', 'Brazil', 'São Paulo', 2);
insert into Employee (id, first_name, last_name, title, department,  email, country, city, location) values (251, 'Johna', 'Baptie', 'Developer', 2, 'Johna.Baptie@BuzzwordSolutions.com', 'United States', 'Dallas', 3);
insert into Employee (id, first_name, last_name, title, department,  email, country, city, location) values (252, 'Sherm', 'Grayshan', 'Developer', 2, 'Sherm.Grayshan@BuzzwordSolutions.com', 'South Africa', 'Johnannesburg', 4);
insert into Employee (id, first_name, last_name, title, department,  email, country, city, location) values (253, 'Agnella', 'Camillo', 'Sales Agent', 1, 'Agnella.Camillo@BuzzwordSolutions.com', 'United States', 'Dallas', 3);
insert into Employee (id, first_name, last_name, title, department,  email, country, city, location) values (254, 'Miriam', 'Every', 'Developer', 2, 'Miriam.Every@BuzzwordSolutions.com', 'South Africa', 'Johnannesburg', 4);
insert into Employee (id, first_name, last_name, title, department,  email, country, city, location) values (255, 'Thane', 'Janicek', 'Developer', 2, 'Thane.Janicek@BuzzwordSolutions.com', 'Japan', 'Tokyo', 1);
insert into Employee (id, first_name, last_name, title, department,  email, country, city, location) values (256, 'Godfrey', 'Gaskell', 'Developer', 2, 'Godfrey.Gaskell@BuzzwordSolutions.com', 'United States', 'Dallas', 3);
insert into Employee (id, first_name, last_name, title, department,  email, country, city, location) values (257, 'Gretta', 'Peart', 'Sales Agent', 1, 'Gretta.Peart@BuzzwordSolutions.com', 'Brazil', 'São Paulo', 2);
insert into Employee (id, first_name, last_name, title, department,  email, country, city, location) values (258, 'Syd', 'Sarge', 'Sales Agent', 1, 'Syd.Sarge@BuzzwordSolutions.com', 'Brazil', 'São Paulo', 2);
insert into Employee (id, first_name, last_name, title, department,  email, country, city, location) values (259, 'Mordecai', 'Godart', 'Developer', 2, 'Mordecai.Godart@BuzzwordSolutions.com', 'Brazil', 'São Paulo', 2);
insert into Employee (id, first_name, last_name, title, department,  email, country, city, location) values (260, 'Franky', 'McDermott-Row', 'Developer', 2, 'Franky.McDermott-Row@BuzzwordSolutions.com', 'Brazil', 'São Paulo', 2);
insert into Employee (id, first_name, last_name, title, department,  email, country, city, location) values (261, 'Ferdinand', 'Woffinden', 'Developer', 2, 'Ferdinand.Woffinden@BuzzwordSolutions.com', 'Brazil', 'São Paulo', 2);
insert into Employee (id, first_name, last_name, title, department,  email, country, city, location) values (262, 'Alyce', 'Law', 'Sales Agent', 1, 'Alyce.Law@BuzzwordSolutions.com', 'Brazil', 'São Paulo', 2);
insert into Employee (id, first_name, last_name, title, department,  email, country, city, location) values (263, 'Vaughn', 'Try', 'Developer', 2, 'Vaughn.Try@BuzzwordSolutions.com', 'Japan', 'Tokyo', 1);
insert into Employee (id, first_name, last_name, title, department,  email, country, city, location) values (264, 'Welch', 'Peschka', 'Developer', 2, 'Welch.Peschka@BuzzwordSolutions.com', 'Brazil', 'São Paulo', 2);
insert into Employee (id, first_name, last_name, title, department,  email, country, city, location) values (265, 'Boris', 'Stanhope', 'Developer', 2, 'Boris.Stanhope@BuzzwordSolutions.com', 'Brazil', 'São Paulo', 2);
insert into Employee (id, first_name, last_name, title, department,  email, country, city, location) values (266, 'Zia', 'Phalp', 'Developer', 2, 'Zia.Phalp@BuzzwordSolutions.com', 'South Africa', 'Johnannesburg', 4);
insert into Employee (id, first_name, last_name, title, department,  email, country, city, location) values (267, 'Iain', 'Stoyles', 'Developer', 2, 'Iain.Stoyles@BuzzwordSolutions.com', 'Brazil', 'São Paulo', 2);
insert into Employee (id, first_name, last_name, title, department,  email, country, city, location) values (268, 'Lena', 'Gligorijevic', 'Developer', 2, 'Lena.Gligorijevic@BuzzwordSolutions.com', 'Japan', 'Tokyo', 1);
insert into Employee (id, first_name, last_name, title, department,  email, country, city, location) values (269, 'Abbot', 'Oolahan', 'Developer', 2, 'Abbot.Oolahan@BuzzwordSolutions.com', 'South Africa', 'Johnannesburg', 4);
insert into Employee (id, first_name, last_name, title, department,  email, country, city, location) values (270, 'Dante', 'Spinke', 'Sales Agent', 1, 'Dante.Spinke@BuzzwordSolutions.com', 'Brazil', 'São Paulo', 2);
insert into Employee (id, first_name, last_name, title, department,  email, country, city, location) values (271, 'Ephrayim', 'Frankcombe', 'Developer', 2, 'Ephrayim.Frankcombe@BuzzwordSolutions.com', 'Japan', 'Tokyo', 1);
insert into Employee (id, first_name, last_name, title, department,  email, country, city, location) values (272, 'Amitie', 'Vanichkov', 'Manager', 1, 'Amitie.Vanichkov@BuzzwordSolutions.com', 'Japan', 'Tokyo', 1);
insert into Employee (id, first_name, last_name, title, department,  email, country, city, location) values (273, 'Carena', 'McReidy', 'Developer', 2, 'Carena.McReidy@BuzzwordSolutions.com', 'Japan', 'Tokyo', 1);
insert into Employee (id, first_name, last_name, title, department,  email, country, city, location) values (274, 'Kent', 'Lamlin', 'Developer', 2, 'Kent.Lamlin@BuzzwordSolutions.com', 'Germany', 'Berlin', 5);
insert into Employee (id, first_name, last_name, title, department,  email, country, city, location) values (275, 'Eleonore', 'MacPeake', 'Developer', 2, 'Eleonore.MacPeake@BuzzwordSolutions.com', 'United States', 'Dallas', 3);
insert into Employee (id, first_name, last_name, title, department,  email, country, city, location) values (276, 'Donnajean', 'Cathcart', 'Sales Agent', 1, 'Donnajean.Cathcart@BuzzwordSolutions.com', 'Brazil', 'São Paulo', 2);
insert into Employee (id, first_name, last_name, title, department,  email, country, city, location) values (277, 'Carrissa', 'Polhill', 'Sales Agent', 1, 'Carrissa.Polhill@BuzzwordSolutions.com', 'Japan', 'Tokyo', 1);
insert into Employee (id, first_name, last_name, title, department,  email, country, city, location) values (278, 'Hubie', 'Lenard', 'Developer', 2, 'Hubie.Lenard@BuzzwordSolutions.com', 'Japan', 'Tokyo', 1);
insert into Employee (id, first_name, last_name, title, department,  email, country, city, location) values (279, 'Conn', 'Tilney', 'Sales Agent', 1, 'Conn.Tilney@BuzzwordSolutions.com', 'Brazil', 'São Paulo', 2);
insert into Employee (id, first_name, last_name, title, department,  email, country, city, location) values (280, 'Ruddie', 'Hansel', 'Sales Agent', 1, 'Ruddie.Hansel@BuzzwordSolutions.com', 'Japan', 'Tokyo', 1);
insert into Employee (id, first_name, last_name, title, department,  email, country, city, location) values (281, 'Aristotle', 'Erb', 'Sales Agent', 1, 'Aristotle.Erb@BuzzwordSolutions.com', 'Brazil', 'São Paulo', 2);
insert into Employee (id, first_name, last_name, title, department,  email, country, city, location) values (282, 'Alexandra', 'Gethins', 'Sales Agent', 1, 'Alexandra.Gethins@BuzzwordSolutions.com', 'Japan', 'Tokyo', 1);
insert into Employee (id, first_name, last_name, title, department,  email, country, city, location) values (283, 'Lexis', 'MacKeller', 'Developer', 2, 'Lexis.MacKeller@BuzzwordSolutions.com', 'United States', 'Dallas', 3);
insert into Employee (id, first_name, last_name, title, department,  email, country, city, location) values (284, 'Pinchas', 'Davidsson', 'Developer', 2, 'Pinchas.Davidsson@BuzzwordSolutions.com', 'Brazil', 'São Paulo', 2);
insert into Employee (id, first_name, last_name, title, department,  email, country, city, location) values (285, 'Verna', 'Golthorpp', 'Sales Agent', 1, 'Verna.Golthorpp@BuzzwordSolutions.com', 'Brazil', 'São Paulo', 2);
insert into Employee (id, first_name, last_name, title, department,  email, country, city, location) values (286, 'Junia', 'Rubenczyk', 'Developer', 2, 'Junia.Rubenczyk@BuzzwordSolutions.com', 'United States', 'Dallas', 3);
insert into Employee (id, first_name, last_name, title, department,  email, country, city, location) values (287, 'Stacy', 'Rainey', 'Developer', 2, 'Stacy.Rainey@BuzzwordSolutions.com', 'Brazil', 'São Paulo', 2);
insert into Employee (id, first_name, last_name, title, department,  email, country, city, location) values (288, 'Adelbert', 'Dannohl', 'Developer', 2, 'Adelbert.Dannohl@BuzzwordSolutions.com', 'United States', 'Dallas', 3);
insert into Employee (id, first_name, last_name, title, department,  email, country, city, location) values (289, 'Marlie', 'Dannehl', 'Developer', 2, 'Marlie.Dannehl@BuzzwordSolutions.com', 'United States', 'Dallas', 3);
insert into Employee (id, first_name, last_name, title, department,  email, country, city, location) values (290, 'Raeann', 'Beggs', 'Developer', 2, 'Raeann.Beggs@BuzzwordSolutions.com', 'Brazil', 'São Paulo', 2);
insert into Employee (id, first_name, last_name, title, department,  email, country, city, location) values (291, 'Guss', 'Gelsthorpe', 'Sales Agent', 1, 'Guss.Gelsthorpe@BuzzwordSolutions.com', 'South Africa', 'Johnannesburg', 4);
insert into Employee (id, first_name, last_name, title, department,  email, country, city, location) values (292, 'Cthrine', 'Sutherington', 'Developer', 2, 'Cthrine.Sutherington@BuzzwordSolutions.com', 'South Africa', 'Johnannesburg', 4);
insert into Employee (id, first_name, last_name, title, department,  email, country, city, location) values (293, 'Cherise', 'Cuthill', 'Sales Agent', 1, 'Cherise.Cuthill@BuzzwordSolutions.com', 'South Africa', 'Johnannesburg', 4);
insert into Employee (id, first_name, last_name, title, department,  email, country, city, location) values (294, 'Efren', 'Yannoni', 'Sales Agent', 1, 'Efren.Yannoni@BuzzwordSolutions.com', 'United States', 'Dallas', 3);
insert into Employee (id, first_name, last_name, title, department,  email, country, city, location) values (295, 'Tedie', 'Plimmer', 'Developer', 2, 'Tedie.Plimmer@BuzzwordSolutions.com', 'Brazil', 'São Paulo', 2);
insert into Employee (id, first_name, last_name, title, department,  email, country, city, location) values (296, 'Zebedee', 'Keinrat', 'Sales Agent', 1, 'Zebedee.Keinrat@BuzzwordSolutions.com', 'Brazil', 'São Paulo', 2);
insert into Employee (id, first_name, last_name, title, department,  email, country, city, location) values (297, 'Janith', 'Farrah', 'Developer', 2, 'Janith.Farrah@BuzzwordSolutions.com', 'Brazil', 'São Paulo', 2);
insert into Employee (id, first_name, last_name, title, department,  email, country, city, location) values (298, 'Donnajean', 'Getcliffe', 'Developer', 2, 'Donnajean.Getcliffe@BuzzwordSolutions.com', 'Brazil', 'São Paulo', 2);
insert into Employee (id, first_name, last_name, title, department,  email, country, city, location) values (299, 'Davina', 'Tirrey', 'Developer', 2, 'Davina.Tirrey@BuzzwordSolutions.com', 'Brazil', 'São Paulo', 2);
insert into Employee (id, first_name, last_name, title, department,  email, country, city, location) values (300, 'Jody', 'Sibbons', 'Developer', 2, 'Jody.Sibbons@BuzzwordSolutions.com', 'Brazil', 'São Paulo', 2);
insert into Employee (id, first_name, last_name, title, department,  email, country, city, location) values (301, 'Rhonda', 'Gillion', 'Developer', 2, 'Rhonda.Gillion@BuzzwordSolutions.com', 'South Africa', 'Johnannesburg', 4);
insert into Employee (id, first_name, last_name, title, department,  email, country, city, location) values (302, 'Selma', 'Fittall', 'Developer', 2, 'Selma.Fittall@BuzzwordSolutions.com', 'United States', 'Dallas', 3);
insert into Employee (id, first_name, last_name, title, department,  email, country, city, location) values (303, 'Julio', 'Skittreal', 'Sales Agent', 1, 'Julio.Skittreal@BuzzwordSolutions.com', 'Brazil', 'São Paulo', 2);
insert into Employee (id, first_name, last_name, title, department,  email, country, city, location) values (304, 'Cy', 'Bellelli', 'Sales Agent', 1, 'Cy.Bellelli@BuzzwordSolutions.com', 'South Africa', 'Johnannesburg', 4);
insert into Employee (id, first_name, last_name, title, department,  email, country, city, location) values (305, 'Klemens', 'Lonie', 'Sales Agent', 1, 'Klemens.Lonie@BuzzwordSolutions.com', 'United States', 'Dallas', 3);
insert into Employee (id, first_name, last_name, title, department,  email, country, city, location) values (306, 'Lynne', 'Shallcross', 'Developer', 2, 'Lynne.Shallcross@BuzzwordSolutions.com', 'South Africa', 'Johnannesburg', 4);
insert into Employee (id, first_name, last_name, title, department,  email, country, city, location) values (307, 'Claudian', 'Tomankiewicz', 'Developer', 2, 'Claudian.Tomankiewicz@BuzzwordSolutions.com', 'Brazil', 'São Paulo', 2);
insert into Employee (id, first_name, last_name, title, department,  email, country, city, location) values (308, 'Georgeanna', 'Czadla', 'Developer', 2, 'Georgeanna.Czadla@BuzzwordSolutions.com', 'Brazil', 'São Paulo', 2);
insert into Employee (id, first_name, last_name, title, department,  email, country, city, location) values (309, 'Dagmar', 'Cruse', 'Developer', 2, 'Dagmar.Cruse@BuzzwordSolutions.com', 'Brazil', 'São Paulo', 2);
insert into Employee (id, first_name, last_name, title, department,  email, country, city, location) values (310, 'Cayla', 'Driuzzi', 'Developer', 2, 'Cayla.Driuzzi@BuzzwordSolutions.com', 'United States', 'Dallas', 3);
insert into Employee (id, first_name, last_name, title, department,  email, country, city, location) values (311, 'Dori', 'Edgett', 'Sales Agent', 1, 'Dori.Edgett@BuzzwordSolutions.com', 'South Africa', 'Johnannesburg', 4);
insert into Employee (id, first_name, last_name, title, department,  email, country, city, location) values (312, 'Paola', 'Di Francesco', 'Developer', 2, 'Paola.Di Francesco@BuzzwordSolutions.com', 'Brazil', 'São Paulo', 2);
insert into Employee (id, first_name, last_name, title, department,  email, country, city, location) values (313, 'Bucky', 'Thaxter', 'Developer', 2, 'Bucky.Thaxter@BuzzwordSolutions.com', 'Brazil', 'São Paulo', 2);
insert into Employee (id, first_name, last_name, title, department,  email, country, city, location) values (314, 'Nat', 'Manntschke', 'Sales Agent', 1, 'Nat.Manntschke@BuzzwordSolutions.com', 'Brazil', 'São Paulo', 2);
insert into Employee (id, first_name, last_name, title, department,  email, country, city, location) values (315, 'Nathanial', 'Dargie', 'Developer', 2, 'Nathanial.Dargie@BuzzwordSolutions.com', 'Brazil', 'São Paulo', 2);
insert into Employee (id, first_name, last_name, title, department,  email, country, city, location) values (316, 'Ivar', 'Aronowitz', 'Sales Agent', 1, 'Ivar.Aronowitz@BuzzwordSolutions.com', 'Brazil', 'São Paulo', 2);
insert into Employee (id, first_name, last_name, title, department,  email, country, city, location) values (317, 'Bobby', 'Crocker', 'Developer', 2, 'Bobby.Crocker@BuzzwordSolutions.com', 'Brazil', 'São Paulo', 2);
insert into Employee (id, first_name, last_name, title, department,  email, country, city, location) values (318, 'Lazare', 'Libermore', 'Developer', 2, 'Lazare.Libermore@BuzzwordSolutions.com', 'Japan', 'Tokyo', 1);
insert into Employee (id, first_name, last_name, title, department,  email, country, city, location) values (319, 'Nye', 'Jancey', 'Developer', 2, 'Nye.Jancey@BuzzwordSolutions.com', 'Brazil', 'São Paulo', 2);
insert into Employee (id, first_name, last_name, title, department,  email, country, city, location) values (320, 'Rodger', 'Poland', 'Developer', 2, 'Rodger.Poland@BuzzwordSolutions.com', 'United States', 'Dallas', 3);
insert into Employee (id, first_name, last_name, title, department,  email, country, city, location) values (321, 'Marijn', 'Orpin', 'Sales Agent', 1, 'Marijn.Orpin@BuzzwordSolutions.com', 'Japan', 'Tokyo', 1);
insert into Employee (id, first_name, last_name, title, department,  email, country, city, location) values (322, 'Rebecka', 'Blumson', 'Developer', 2, 'Rebecka.Blumson@BuzzwordSolutions.com', 'Brazil', 'São Paulo', 2);
insert into Employee (id, first_name, last_name, title, department,  email, country, city, location) values (323, 'Clayton', 'Conry', 'Developer', 2, 'Clayton.Conry@BuzzwordSolutions.com', 'Japan', 'Tokyo', 1);
insert into Employee (id, first_name, last_name, title, department,  email, country, city, location) values (324, 'Gertrudis', 'Lovejoy', 'Sales Agent', 1, 'Gertrudis.Lovejoy@BuzzwordSolutions.com', 'Brazil', 'São Paulo', 2);
insert into Employee (id, first_name, last_name, title, department,  email, country, city, location) values (325, 'Corabel', 'Cauldwell', 'Developer', 2, 'Corabel.Cauldwell@BuzzwordSolutions.com', 'Brazil', 'São Paulo', 2);
insert into Employee (id, first_name, last_name, title, department,  email, country, city, location) values (326, 'Nanci', 'Pummell', 'Developer', 2, 'Nanci.Pummell@BuzzwordSolutions.com', 'United States', 'Dallas', 3);
insert into Employee (id, first_name, last_name, title, department,  email, country, city, location) values (327, 'Gerrie', 'Blankman', 'Developer', 2, 'Gerrie.Blankman@BuzzwordSolutions.com', 'United States', 'Dallas', 3);
insert into Employee (id, first_name, last_name, title, department,  email, country, city, location) values (328, 'Marquita', 'Ceney', 'Developer', 2, 'Marquita.Ceney@BuzzwordSolutions.com', 'Japan', 'Tokyo', 1);
insert into Employee (id, first_name, last_name, title, department,  email, country, city, location) values (329, 'Padriac', 'Perrins', 'Developer', 2, 'Padriac.Perrins@BuzzwordSolutions.com', 'Brazil', 'São Paulo', 2);
insert into Employee (id, first_name, last_name, title, department,  email, country, city, location) values (330, 'Hi', 'Whybrow', 'Developer', 2, 'Hi.Whybrow@BuzzwordSolutions.com', 'United States', 'Dallas', 3);
insert into Employee (id, first_name, last_name, title, department,  email, country, city, location) values (331, 'Davidde', 'Oldacre', 'Sales Agent', 1, 'Davidde.Oldacre@BuzzwordSolutions.com', 'United States', 'Dallas', 3);
insert into Employee (id, first_name, last_name, title, department,  email, country, city, location) values (332, 'Des', 'Caldes', 'Developer', 2, 'Des.Caldes@BuzzwordSolutions.com', 'Brazil', 'São Paulo', 2);
insert into Employee (id, first_name, last_name, title, department,  email, country, city, location) values (333, 'Berri', 'Giovani', 'Developer', 2, 'Berri.Giovani@BuzzwordSolutions.com', 'Brazil', 'São Paulo', 2);
insert into Employee (id, first_name, last_name, title, department,  email, country, city, location) values (334, 'Charleen', 'Rops', 'Developer', 2, 'Charleen.Rops@BuzzwordSolutions.com', 'Brazil', 'São Paulo', 2);
insert into Employee (id, first_name, last_name, title, department,  email, country, city, location) values (335, 'Agace', 'Fabry', 'Developer', 2, 'Agace.Fabry@BuzzwordSolutions.com', 'Brazil', 'São Paulo', 2);
insert into Employee (id, first_name, last_name, title, department,  email, country, city, location) values (336, 'Ag', 'Turneux', 'Developer', 2, 'Ag.Turneux@BuzzwordSolutions.com', 'Brazil', 'São Paulo', 2);
insert into Employee (id, first_name, last_name, title, department,  email, country, city, location) values (337, 'Cammie', 'Keelinge', 'Developer', 2, 'Cammie.Keelinge@BuzzwordSolutions.com', 'Brazil', 'São Paulo', 2);
insert into Employee (id, first_name, last_name, title, department,  email, country, city, location) values (338, 'Kristofer', 'Morfield', 'Sales Agent', 1, 'Kristofer.Morfield@BuzzwordSolutions.com', 'United States', 'Dallas', 3);
insert into Employee (id, first_name, last_name, title, department,  email, country, city, location) values (339, 'Paulie', 'Jursch', 'Sales Agent', 1, 'Paulie.Jursch@BuzzwordSolutions.com', 'Japan', 'Tokyo', 1);
insert into Employee (id, first_name, last_name, title, department,  email, country, city, location) values (340, 'Allie', 'Currey', 'Developer', 2, 'Allie.Currey@BuzzwordSolutions.com', 'United States', 'Dallas', 3);
insert into Employee (id, first_name, last_name, title, department,  email, country, city, location) values (341, 'Mathias', 'Border', 'Developer', 2, 'Mathias.Border@BuzzwordSolutions.com', 'Brazil', 'São Paulo', 2);
insert into Employee (id, first_name, last_name, title, department,  email, country, city, location) values (342, 'Dexter', 'Greenslade', 'Sales Agent', 1, 'Dexter.Greenslade@BuzzwordSolutions.com', 'United States', 'Dallas', 3);
insert into Employee (id, first_name, last_name, title, department,  email, country, city, location) values (343, 'Tessie', 'Verma', 'Developer', 2, 'Tessie.Verma@BuzzwordSolutions.com', 'Brazil', 'São Paulo', 2);
insert into Employee (id, first_name, last_name, title, department,  email, country, city, location) values (344, 'Bettine', 'Skamell', 'Sales Agent', 1, 'Bettine.Skamell@BuzzwordSolutions.com', 'Brazil', 'São Paulo', 2);
insert into Employee (id, first_name, last_name, title, department,  email, country, city, location) values (345, 'Terrell', 'Hawyes', 'Developer', 2, 'Terrell.Hawyes@BuzzwordSolutions.com', 'United States', 'Dallas', 3);
insert into Employee (id, first_name, last_name, title, department,  email, country, city, location) values (346, 'Trev', 'Axston', 'Developer', 2, 'Trev.Axston@BuzzwordSolutions.com', 'Brazil', 'São Paulo', 2);
insert into Employee (id, first_name, last_name, title, department,  email, country, city, location) values (347, 'Dallas', 'Durnin', 'Sales Agent', 1, 'Dallas.Durnin@BuzzwordSolutions.com', 'Germany', 'Berlin', 5);
insert into Employee (id, first_name, last_name, title, department,  email, country, city, location) values (348, 'Alta', 'Ewington', 'Sales Agent', 1, 'Alta.Ewington@BuzzwordSolutions.com', 'Japan', 'Tokyo', 1);
insert into Employee (id, first_name, last_name, title, department,  email, country, city, location) values (349, 'Diego', 'Dunnico', 'Sales Agent', 1, 'Diego.Dunnico@BuzzwordSolutions.com', 'Germany', 'Berlin', 5);
insert into Employee (id, first_name, last_name, title, department,  email, country, city, location) values (350, 'Giulio', 'Presdee', 'Developer', 2, 'Giulio.Presdee@BuzzwordSolutions.com', 'Germany', 'Berlin', 5);
insert into Employee (id, first_name, last_name, title, department,  email, country, city, location) values (351, 'Carroll', 'Fahrenbacher', 'Developer', 2, 'Carroll.Fahrenbacher@BuzzwordSolutions.com', 'United States', 'Dallas', 3);
insert into Employee (id, first_name, last_name, title, department,  email, country, city, location) values (352, 'Jenine', 'Dolbey', 'Developer', 2, 'Jenine.Dolbey@BuzzwordSolutions.com', 'United States', 'Dallas', 3);
insert into Employee (id, first_name, last_name, title, department,  email, country, city, location) values (353, 'Annadiana', 'Pickin', 'Developer', 2, 'Annadiana.Pickin@BuzzwordSolutions.com', 'Brazil', 'São Paulo', 2);
insert into Employee (id, first_name, last_name, title, department,  email, country, city, location) values (354, 'Dannie', 'Trevaskiss', 'Sales Agent', 1, 'Dannie.Trevaskiss@BuzzwordSolutions.com', 'Japan', 'Tokyo', 1);
insert into Employee (id, first_name, last_name, title, department,  email, country, city, location) values (355, 'Rurik', 'Grewe', 'Developer', 2, 'Rurik.Grewe@BuzzwordSolutions.com', 'Japan', 'Tokyo', 1);
insert into Employee (id, first_name, last_name, title, department,  email, country, city, location) values (356, 'Hulda', 'Roelofsen', 'Developer', 2, 'Hulda.Roelofsen@BuzzwordSolutions.com', 'Japan', 'Tokyo', 1);
insert into Employee (id, first_name, last_name, title, department,  email, country, city, location) values (357, 'Kirsteni', 'Cloughton', 'Developer', 2, 'Kirsteni.Cloughton@BuzzwordSolutions.com', 'South Africa', 'Johnannesburg', 4);
insert into Employee (id, first_name, last_name, title, department,  email, country, city, location) values (358, 'Dorine', 'Gravet', 'Developer', 2, 'Dorine.Gravet@BuzzwordSolutions.com', 'United States', 'Dallas', 3);
insert into Employee (id, first_name, last_name, title, department,  email, country, city, location) values (359, 'Dotti', 'Spowart', 'Developer', 2, 'Dotti.Spowart@BuzzwordSolutions.com', 'Japan', 'Tokyo', 1);
insert into Employee (id, first_name, last_name, title, department,  email, country, city, location) values (360, 'Bev', 'Greatbanks', 'Developer', 2, 'Bev.Greatbanks@BuzzwordSolutions.com', 'Brazil', 'São Paulo', 2);
insert into Employee (id, first_name, last_name, title, department,  email, country, city, location) values (361, 'Coretta', 'Mingo', 'Developer', 2, 'Coretta.Mingo@BuzzwordSolutions.com', 'United States', 'Dallas', 3);
insert into Employee (id, first_name, last_name, title, department,  email, country, city, location) values (362, 'Elvira', 'Syce', 'Developer', 2, 'Elvira.Syce@BuzzwordSolutions.com', 'Brazil', 'São Paulo', 2);
insert into Employee (id, first_name, last_name, title, department,  email, country, city, location) values (363, 'Cymbre', 'MacGruer', 'Sales Agent', 1, 'Cymbre.MacGruer@BuzzwordSolutions.com', 'Brazil', 'São Paulo', 2);
insert into Employee (id, first_name, last_name, title, department,  email, country, city, location) values (364, 'Sonja', 'Tomkin', 'Developer', 2, 'Sonja.Tomkin@BuzzwordSolutions.com', 'United States', 'Dallas', 3);
insert into Employee (id, first_name, last_name, title, department,  email, country, city, location) values (365, 'Pembroke', 'Buxcy', 'Developer', 2, 'Pembroke.Buxcy@BuzzwordSolutions.com', 'Brazil', 'São Paulo', 2);
insert into Employee (id, first_name, last_name, title, department,  email, country, city, location) values (366, 'Odella', 'Eburah', 'Developer', 2, 'Odella.Eburah@BuzzwordSolutions.com', 'Brazil', 'São Paulo', 2);
insert into Employee (id, first_name, last_name, title, department,  email, country, city, location) values (367, 'Davine', 'Colkett', 'Developer', 2, 'Davine.Colkett@BuzzwordSolutions.com', 'United States', 'Dallas', 3);
insert into Employee (id, first_name, last_name, title, department,  email, country, city, location) values (368, 'Reyna', 'Varey', 'Developer', 2, 'Reyna.Varey@BuzzwordSolutions.com', 'United States', 'Dallas', 3);
insert into Employee (id, first_name, last_name, title, department,  email, country, city, location) values (369, 'Robinett', 'Blake', 'Developer', 2, 'Robinett.Blake@BuzzwordSolutions.com', 'Brazil', 'São Paulo', 2);
insert into Employee (id, first_name, last_name, title, department,  email, country, city, location) values (370, 'Bobine', 'Daborne', 'Developer', 2, 'Bobine.Daborne@BuzzwordSolutions.com', 'Brazil', 'São Paulo', 2);
insert into Employee (id, first_name, last_name, title, department,  email, country, city, location) values (371, 'Schuyler', 'Woolbrook', 'Developer', 2, 'Schuyler.Woolbrook@BuzzwordSolutions.com', 'Brazil', 'São Paulo', 2);
insert into Employee (id, first_name, last_name, title, department,  email, country, city, location) values (372, 'Ralph', 'Whitlam', 'Developer', 2, 'Ralph.Whitlam@BuzzwordSolutions.com', 'United States', 'Dallas', 3);
insert into Employee (id, first_name, last_name, title, department,  email, country, city, location) values (373, 'Ryun', 'Ruggen', 'Sales Agent', 1, 'Ryun.Ruggen@BuzzwordSolutions.com', 'United States', 'Dallas', 3);
insert into Employee (id, first_name, last_name, title, department,  email, country, city, location) values (374, 'Barbi', 'Hadaway', 'Developer', 2, 'Barbi.Hadaway@BuzzwordSolutions.com', 'Brazil', 'São Paulo', 2);
insert into Employee (id, first_name, last_name, title, department,  email, country, city, location) values (375, 'Petronella', 'Swainson', 'Developer', 2, 'Petronella.Swainson@BuzzwordSolutions.com', 'Brazil', 'São Paulo', 2);
insert into Employee (id, first_name, last_name, title, department,  email, country, city, location) values (376, 'Madelin', 'Madelin', 'Sales Agent', 1, 'Madelin.Madelin@BuzzwordSolutions.com', 'Brazil', 'São Paulo', 2);
insert into Employee (id, first_name, last_name, title, department,  email, country, city, location) values (377, 'Flint', 'Niezen', 'Developer', 2, 'Flint.Niezen@BuzzwordSolutions.com', 'United States', 'Dallas', 3);
insert into Employee (id, first_name, last_name, title, department,  email, country, city, location) values (378, 'Anya', 'Goodisson', 'Developer', 2, 'Anya.Goodisson@BuzzwordSolutions.com', 'United States', 'Dallas', 3);
insert into Employee (id, first_name, last_name, title, department,  email, country, city, location) values (379, 'Doro', 'Pallis', 'Developer', 2, 'Doro.Pallis@BuzzwordSolutions.com', 'United States', 'Dallas', 3);
insert into Employee (id, first_name, last_name, title, department,  email, country, city, location) values (380, 'Brett', 'Reeman', 'Developer', 2, 'Brett.Reeman@BuzzwordSolutions.com', 'Brazil', 'São Paulo', 2);
insert into Employee (id, first_name, last_name, title, department,  email, country, city, location) values (381, 'Jordan', 'Sandcraft', 'Sales Agent', 1, 'Jordan.Sandcraft@BuzzwordSolutions.com', 'Japan', 'Tokyo', 1);
insert into Employee (id, first_name, last_name, title, department,  email, country, city, location) values (382, 'Ibbie', 'Ludron', 'Sales Agent', 1, 'Ibbie.Ludron@BuzzwordSolutions.com', 'Brazil', 'São Paulo', 2);
insert into Employee (id, first_name, last_name, title, department,  email, country, city, location) values (383, 'George', 'Ropking', 'Developer', 2, 'George.Ropking@BuzzwordSolutions.com', 'Brazil', 'São Paulo', 2);
insert into Employee (id, first_name, last_name, title, department,  email, country, city, location) values (384, 'Duky', 'Allbones', 'Sales Agent', 1, 'Duky.Allbones@BuzzwordSolutions.com', 'Brazil', 'São Paulo', 2);
insert into Employee (id, first_name, last_name, title, department,  email, country, city, location) values (385, 'Sancho', 'Bogaert', 'Sales Agent', 1, 'Sancho.Bogaert@BuzzwordSolutions.com', 'Japan', 'Tokyo', 1);
insert into Employee (id, first_name, last_name, title, department,  email, country, city, location) values (386, 'Wheeler', 'Philippard', 'Developer', 2, 'Wheeler.Philippard@BuzzwordSolutions.com', 'Brazil', 'São Paulo', 2);
insert into Employee (id, first_name, last_name, title, department,  email, country, city, location) values (387, 'Damaris', 'Bunkle', 'Developer', 2, 'Damaris.Bunkle@BuzzwordSolutions.com', 'Brazil', 'São Paulo', 2);
insert into Employee (id, first_name, last_name, title, department,  email, country, city, location) values (388, 'Tatum', 'Dietmar', 'Developer', 2, 'Tatum.Dietmar@BuzzwordSolutions.com', 'Brazil', 'São Paulo', 2);
insert into Employee (id, first_name, last_name, title, department,  email, country, city, location) values (389, 'Marna', 'Ossulton', 'Developer', 2, 'Marna.Ossulton@BuzzwordSolutions.com', 'Japan', 'Tokyo', 1);
insert into Employee (id, first_name, last_name, title, department,  email, country, city, location) values (390, 'Vivyanne', 'Stuttman', 'Developer', 2, 'Vivyanne.Stuttman@BuzzwordSolutions.com', 'United States', 'Dallas', 3);
insert into Employee (id, first_name, last_name, title, department,  email, country, city, location) values (391, 'Mychal', 'Pill', 'Developer', 2, 'Mychal.Pill@BuzzwordSolutions.com', 'South Africa', 'Johnannesburg', 4);
insert into Employee (id, first_name, last_name, title, department,  email, country, city, location) values (392, 'Tamqrah', 'Issett', 'Developer', 2, 'Tamqrah.Issett@BuzzwordSolutions.com', 'United States', 'Dallas', 3);
insert into Employee (id, first_name, last_name, title, department,  email, country, city, location) values (393, 'Junina', 'Maile', 'Developer', 2, 'Junina.Maile@BuzzwordSolutions.com', 'South Africa', 'Johnannesburg', 4);
insert into Employee (id, first_name, last_name, title, department,  email, country, city, location) values (394, 'Ash', 'Kells', 'Developer', 2, 'Ash.Kells@BuzzwordSolutions.com', 'South Africa', 'Johnannesburg', 4);
insert into Employee (id, first_name, last_name, title, department,  email, country, city, location) values (395, 'Devonna', 'Tick', 'Sales Agent', 1, 'Devonna.Tick@BuzzwordSolutions.com', 'Brazil', 'São Paulo', 2);
insert into Employee (id, first_name, last_name, title, department,  email, country, city, location) values (396, 'Catlin', 'Alder', 'Developer', 2, 'Catlin.Alder@BuzzwordSolutions.com', 'Japan', 'Tokyo', 1);
insert into Employee (id, first_name, last_name, title, department,  email, country, city, location) values (397, 'Merla', 'Moulsdale', 'Developer', 2, 'Merla.Moulsdale@BuzzwordSolutions.com', 'Germany', 'Berlin', 5);
insert into Employee (id, first_name, last_name, title, department,  email, country, city, location) values (398, 'George', 'Ovill', 'Sales Agent', 1, 'George.Ovill@BuzzwordSolutions.com', 'Brazil', 'São Paulo', 2);
insert into Employee (id, first_name, last_name, title, department,  email, country, city, location) values (399, 'Kylynn', 'Alldread', 'Sales Agent', 1, 'Kylynn.Alldread@BuzzwordSolutions.com', 'Germany', 'Berlin', 5);
insert into Employee (id, first_name, last_name, title, department,  email, country, city, location) values (400, 'Gavra', 'Lewington', 'Developer', 2, 'Gavra.Lewington@BuzzwordSolutions.com', 'Brazil', 'São Paulo', 2);
insert into Employee (id, first_name, last_name, title, department,  email, country, city, location) values (401, 'Allissa', 'Lubman', 'Developer', 2, 'Allissa.Lubman@BuzzwordSolutions.com', 'Brazil', 'São Paulo', 2);
insert into Employee (id, first_name, last_name, title, department,  email, country, city, location) values (402, 'Sutton', 'Haymes', 'Developer', 2, 'Sutton.Haymes@BuzzwordSolutions.com', 'Brazil', 'São Paulo', 2);
insert into Employee (id, first_name, last_name, title, department,  email, country, city, location) values (403, 'Frayda', 'Dosedale', 'Developer', 2, 'Frayda.Dosedale@BuzzwordSolutions.com', 'United States', 'Dallas', 3);
insert into Employee (id, first_name, last_name, title, department,  email, country, city, location) values (404, 'Marlyn', 'Campkin', 'Sales Agent', 1, 'Marlyn.Campkin@BuzzwordSolutions.com', 'Japan', 'Tokyo', 1);
insert into Employee (id, first_name, last_name, title, department,  email, country, city, location) values (405, 'Alexander', 'Macquire', 'Developer', 2, 'Alexander.Macquire@BuzzwordSolutions.com', 'United States', 'Dallas', 3);
insert into Employee (id, first_name, last_name, title, department,  email, country, city, location) values (406, 'Joelly', 'Howse', 'Developer', 2, 'Joelly.Howse@BuzzwordSolutions.com', 'Japan', 'Tokyo', 1);
insert into Employee (id, first_name, last_name, title, department,  email, country, city, location) values (407, 'Jdavie', 'Reburn', 'Developer', 2, 'Jdavie.Reburn@BuzzwordSolutions.com', 'Brazil', 'São Paulo', 2);
insert into Employee (id, first_name, last_name, title, department,  email, country, city, location) values (408, 'Yul', 'Goodsall', 'Developer', 2, 'Yul.Goodsall@BuzzwordSolutions.com', 'Japan', 'Tokyo', 1);
insert into Employee (id, first_name, last_name, title, department,  email, country, city, location) values (409, 'Sallee', 'Loxdale', 'Sales Agent', 1, 'Sallee.Loxdale@BuzzwordSolutions.com', 'United States', 'Dallas', 3);
insert into Employee (id, first_name, last_name, title, department,  email, country, city, location) values (410, 'Madelyn', 'Rubinfajn', 'Developer', 2, 'Madelyn.Rubinfajn@BuzzwordSolutions.com', 'Brazil', 'São Paulo', 2);
insert into Employee (id, first_name, last_name, title, department,  email, country, city, location) values (411, 'Elvira', 'Windrass', 'Manager', 1, 'Elvira.Windrass@BuzzwordSolutions.com', 'South Africa', 'Johnannesburg', 4);
insert into Employee (id, first_name, last_name, title, department,  email, country, city, location) values (412, 'Barbabra', 'Miebes', 'Developer', 2, 'Barbabra.Miebes@BuzzwordSolutions.com', 'Brazil', 'São Paulo', 2);
insert into Employee (id, first_name, last_name, title, department,  email, country, city, location) values (413, 'Ami', 'Warmisham', 'Sales Agent', 1, 'Ami.Warmisham@BuzzwordSolutions.com', 'United States', 'Dallas', 3);
insert into Employee (id, first_name, last_name, title, department,  email, country, city, location) values (414, 'Cynde', 'Rutherforth', 'Sales Agent', 1, 'Cynde.Rutherforth@BuzzwordSolutions.com', 'United States', 'Dallas', 3);
insert into Employee (id, first_name, last_name, title, department,  email, country, city, location) values (415, 'Kailey', 'Mouatt', 'Developer', 2, 'Kailey.Mouatt@BuzzwordSolutions.com', 'Brazil', 'São Paulo', 2);
insert into Employee (id, first_name, last_name, title, department,  email, country, city, location) values (416, 'Dimitry', 'Davey', 'Developer', 2, 'Dimitry.Davey@BuzzwordSolutions.com', 'Brazil', 'São Paulo', 2);
insert into Employee (id, first_name, last_name, title, department,  email, country, city, location) values (417, 'Trenton', 'Tutsell', 'Developer', 2, 'Trenton.Tutsell@BuzzwordSolutions.com', 'Brazil', 'São Paulo', 2);
insert into Employee (id, first_name, last_name, title, department,  email, country, city, location) values (418, 'Foster', 'Regi', 'Developer', 2, 'Foster.Regi@BuzzwordSolutions.com', 'United States', 'Dallas', 3);
insert into Employee (id, first_name, last_name, title, department,  email, country, city, location) values (419, 'Alix', 'Wordesworth', 'Developer', 2, 'Alix.Wordesworth@BuzzwordSolutions.com', 'Brazil', 'São Paulo', 2);
insert into Employee (id, first_name, last_name, title, department,  email, country, city, location) values (420, 'Hanny', 'Craven', 'Sales Agent', 1, 'Hanny.Craven@BuzzwordSolutions.com', 'Brazil', 'São Paulo', 2);
insert into Employee (id, first_name, last_name, title, department,  email, country, city, location) values (421, 'Kimbra', 'MacLaverty', 'Developer', 2, 'Kimbra.MacLaverty@BuzzwordSolutions.com', 'United States', 'Dallas', 3);
insert into Employee (id, first_name, last_name, title, department,  email, country, city, location) values (422, 'Halie', 'Fairtlough', 'Developer', 2, 'Halie.Fairtlough@BuzzwordSolutions.com', 'Brazil', 'São Paulo', 2);
insert into Employee (id, first_name, last_name, title, department,  email, country, city, location) values (423, 'Leif', 'Blagden', 'Sales Agent', 1, 'Leif.Blagden@BuzzwordSolutions.com', 'United States', 'Dallas', 3);
insert into Employee (id, first_name, last_name, title, department,  email, country, city, location) values (424, 'Davon', 'Perkins', 'Developer', 2, 'Davon.Perkins@BuzzwordSolutions.com', 'Brazil', 'São Paulo', 2);
insert into Employee (id, first_name, last_name, title, department,  email, country, city, location) values (425, 'Ester', 'Lesmonde', 'Sales Agent', 1, 'Ester.Lesmonde@BuzzwordSolutions.com', 'United States', 'Dallas', 3);
insert into Employee (id, first_name, last_name, title, department,  email, country, city, location) values (426, 'Hana', 'Ivermee', 'Sales Agent', 1, 'Hana.Ivermee@BuzzwordSolutions.com', 'Brazil', 'São Paulo', 2);
insert into Employee (id, first_name, last_name, title, department,  email, country, city, location) values (427, 'Shepherd', 'Barfford', 'Sales Agent', 1, 'Shepherd.Barfford@BuzzwordSolutions.com', 'Japan', 'Tokyo', 1);
insert into Employee (id, first_name, last_name, title, department,  email, country, city, location) values (428, 'Renado', 'Jewel', 'Developer', 2, 'Renado.Jewel@BuzzwordSolutions.com', 'Brazil', 'São Paulo', 2);
insert into Employee (id, first_name, last_name, title, department,  email, country, city, location) values (429, 'Brien', 'Luckham', 'Sales Agent', 1, 'Brien.Luckham@BuzzwordSolutions.com', 'Brazil', 'São Paulo', 2);
insert into Employee (id, first_name, last_name, title, department,  email, country, city, location) values (430, 'Siffre', 'Gage', 'Developer', 2, 'Siffre.Gage@BuzzwordSolutions.com', 'Brazil', 'São Paulo', 2);
insert into Employee (id, first_name, last_name, title, department,  email, country, city, location) values (431, 'Candide', 'Dwane', 'Developer', 2, 'Candide.Dwane@BuzzwordSolutions.com', 'Brazil', 'São Paulo', 2);
insert into Employee (id, first_name, last_name, title, department,  email, country, city, location) values (432, 'Benita', 'Balogh', 'Sales Agent', 1, 'Benita.Balogh@BuzzwordSolutions.com', 'Japan', 'Tokyo', 1);
insert into Employee (id, first_name, last_name, title, department,  email, country, city, location) values (433, 'Barnebas', 'Arangy', 'Developer', 2, 'Barnebas.Arangy@BuzzwordSolutions.com', 'Japan', 'Tokyo', 1);
insert into Employee (id, first_name, last_name, title, department,  email, country, city, location) values (434, 'Starr', 'MacTerlagh', 'Sales Agent', 1, 'Starr.MacTerlagh@BuzzwordSolutions.com', 'Japan', 'Tokyo', 1);
insert into Employee (id, first_name, last_name, title, department,  email, country, city, location) values (435, 'Berkeley', 'Hopkynson', 'Sales Agent', 1, 'Berkeley.Hopkynson@BuzzwordSolutions.com', 'Brazil', 'São Paulo', 2);
insert into Employee (id, first_name, last_name, title, department,  email, country, city, location) values (436, 'Rodolphe', 'Esson', 'Sales Agent', 1, 'Rodolphe.Esson@BuzzwordSolutions.com', 'Brazil', 'São Paulo', 2);
insert into Employee (id, first_name, last_name, title, department,  email, country, city, location) values (437, 'Denny', 'Errichiello', 'Developer', 2, 'Denny.Errichiello@BuzzwordSolutions.com', 'Japan', 'Tokyo', 1);
insert into Employee (id, first_name, last_name, title, department,  email, country, city, location) values (438, 'Theodora', 'Standbrook', 'Developer', 2, 'Theodora.Standbrook@BuzzwordSolutions.com', 'Japan', 'Tokyo', 1);
insert into Employee (id, first_name, last_name, title, department,  email, country, city, location) values (439, 'Germain', 'Pile', 'Developer', 2, 'Germain.Pile@BuzzwordSolutions.com', 'United States', 'Dallas', 3);
insert into Employee (id, first_name, last_name, title, department,  email, country, city, location) values (440, 'Annadiane', 'Franciottoi', 'Developer', 2, 'Annadiane.Franciottoi@BuzzwordSolutions.com', 'Brazil', 'São Paulo', 2);
insert into Employee (id, first_name, last_name, title, department,  email, country, city, location) values (441, 'Paco', 'Riddiford', 'Sales Agent', 1, 'Paco.Riddiford@BuzzwordSolutions.com', 'Brazil', 'São Paulo', 2);
insert into Employee (id, first_name, last_name, title, department,  email, country, city, location) values (442, 'Filbert', 'Quimby', 'Developer', 2, 'Filbert.Quimby@BuzzwordSolutions.com', 'Brazil', 'São Paulo', 2);
insert into Employee (id, first_name, last_name, title, department,  email, country, city, location) values (443, 'Melonie', 'Leeman', 'Developer', 2, 'Melonie.Leeman@BuzzwordSolutions.com', 'Brazil', 'São Paulo', 2);
insert into Employee (id, first_name, last_name, title, department,  email, country, city, location) values (444, 'Clay', 'Klimushev', 'Developer', 2, 'Clay.Klimushev@BuzzwordSolutions.com', 'Brazil', 'São Paulo', 2);
insert into Employee (id, first_name, last_name, title, department,  email, country, city, location) values (445, 'Felic', 'Grzegorecki', 'Developer', 2, 'Felic.Grzegorecki@BuzzwordSolutions.com', 'United States', 'Dallas', 3);
insert into Employee (id, first_name, last_name, title, department,  email, country, city, location) values (446, 'Jany', 'Danilyuk', 'Developer', 2, 'Jany.Danilyuk@BuzzwordSolutions.com', 'Japan', 'Tokyo', 1);
insert into Employee (id, first_name, last_name, title, department,  email, country, city, location) values (447, 'Hildagard', 'Gasticke', 'Developer', 2, 'Hildagard.Gasticke@BuzzwordSolutions.com', 'Japan', 'Tokyo', 1);
insert into Employee (id, first_name, last_name, title, department,  email, country, city, location) values (448, 'Marris', 'Ridge', 'Sales Agent', 1, 'Marris.Ridge@BuzzwordSolutions.com', 'United States', 'Dallas', 3);
insert into Employee (id, first_name, last_name, title, department,  email, country, city, location) values (449, 'Mozes', 'Fyfe', 'Developer', 2, 'Mozes.Fyfe@BuzzwordSolutions.com', 'Brazil', 'São Paulo', 2);
insert into Employee (id, first_name, last_name, title, department,  email, country, city, location) values (450, 'Urbano', 'Rubert', 'Sales Agent', 1, 'Urbano.Rubert@BuzzwordSolutions.com', 'Brazil', 'São Paulo', 2);
insert into Employee (id, first_name, last_name, title, department,  email, country, city, location) values (451, 'Wendye', 'Finey', 'Sales Agent', 1, 'Wendye.Finey@BuzzwordSolutions.com', 'Brazil', 'São Paulo', 2);
insert into Employee (id, first_name, last_name, title, department,  email, country, city, location) values (452, 'Connie', 'Eplett', 'Developer', 2, 'Connie.Eplett@BuzzwordSolutions.com', 'Japan', 'Tokyo', 1);
insert into Employee (id, first_name, last_name, title, department,  email, country, city, location) values (453, 'Muriel', 'Schohier', 'Sales Agent', 1, 'Muriel.Schohier@BuzzwordSolutions.com', 'Germany', 'Berlin', 5);
insert into Employee (id, first_name, last_name, title, department,  email, country, city, location) values (454, 'Alejandra', 'Rainforth', 'Developer', 2, 'Alejandra.Rainforth@BuzzwordSolutions.com', 'United States', 'Dallas', 3);
insert into Employee (id, first_name, last_name, title, department,  email, country, city, location) values (455, 'Kip', 'Kigelman', 'Sales Agent', 1, 'Kip.Kigelman@BuzzwordSolutions.com', 'United States', 'Dallas', 3);
insert into Employee (id, first_name, last_name, title, department,  email, country, city, location) values (456, 'Hermie', 'Evenett', 'Sales Agent', 1, 'Hermie.Evenett@BuzzwordSolutions.com', 'Japan', 'Tokyo', 1);
insert into Employee (id, first_name, last_name, title, department,  email, country, city, location) values (457, 'Johnathan', 'Scullard', 'Developer', 2, 'Johnathan.Scullard@BuzzwordSolutions.com', 'United States', 'Dallas', 3);
insert into Employee (id, first_name, last_name, title, department,  email, country, city, location) values (458, 'Brodie', 'Laskey', 'Developer', 2, 'Brodie.Laskey@BuzzwordSolutions.com', 'Brazil', 'São Paulo', 2);
insert into Employee (id, first_name, last_name, title, department,  email, country, city, location) values (459, 'Haleigh', 'Neilson', 'Developer', 2, 'Haleigh.Neilson@BuzzwordSolutions.com', 'Brazil', 'São Paulo', 2);
insert into Employee (id, first_name, last_name, title, department,  email, country, city, location) values (460, 'Pietro', 'Delgardillo', 'Developer', 2, 'Pietro.Delgardillo@BuzzwordSolutions.com', 'Japan', 'Tokyo', 1);
insert into Employee (id, first_name, last_name, title, department,  email, country, city, location) values (461, 'Burton', 'Steadman', 'Developer', 2, 'Burton.Steadman@BuzzwordSolutions.com', 'United States', 'Dallas', 3);
insert into Employee (id, first_name, last_name, title, department,  email, country, city, location) values (462, 'Shurlock', 'Grigoroni', 'Developer', 2, 'Shurlock.Grigoroni@BuzzwordSolutions.com', 'Brazil', 'São Paulo', 2);
insert into Employee (id, first_name, last_name, title, department,  email, country, city, location) values (463, 'Elmore', 'Boughtwood', 'Sales Agent', 1, 'Elmore.Boughtwood@BuzzwordSolutions.com', 'Brazil', 'São Paulo', 2);
insert into Employee (id, first_name, last_name, title, department,  email, country, city, location) values (464, 'Augustine', 'Carcass', 'Sales Agent', 1, 'Augustine.Carcass@BuzzwordSolutions.com', 'United States', 'Dallas', 3);
insert into Employee (id, first_name, last_name, title, department,  email, country, city, location) values (465, 'Sara-ann', 'Magowan', 'Developer', 2, 'Sara-ann.Magowan@BuzzwordSolutions.com', 'United States', 'Dallas', 3);
insert into Employee (id, first_name, last_name, title, department,  email, country, city, location) values (466, 'Tobiah', 'Pymm', 'Developer', 2, 'Tobiah.Pymm@BuzzwordSolutions.com', 'Japan', 'Tokyo', 1);
insert into Employee (id, first_name, last_name, title, department,  email, country, city, location) values (467, 'Kathleen', 'Gheorghescu', 'Developer', 2, 'Kathleen.Gheorghescu@BuzzwordSolutions.com', 'Brazil', 'São Paulo', 2);
insert into Employee (id, first_name, last_name, title, department,  email, country, city, location) values (468, 'Rozanna', 'Spir', 'Developer', 2, 'Rozanna.Spir@BuzzwordSolutions.com', 'Brazil', 'São Paulo', 2);
insert into Employee (id, first_name, last_name, title, department,  email, country, city, location) values (469, 'Brett', 'Wollacott', 'Developer', 2, 'Brett.Wollacott@BuzzwordSolutions.com', 'United States', 'Dallas', 3);
insert into Employee (id, first_name, last_name, title, department,  email, country, city, location) values (470, 'Lauritz', 'Sponder', 'Developer', 2, 'Lauritz.Sponder@BuzzwordSolutions.com', 'United States', 'Dallas', 3);
insert into Employee (id, first_name, last_name, title, department,  email, country, city, location) values (471, 'Gardener', 'Benzing', 'Sales Agent', 1, 'Gardener.Benzing@BuzzwordSolutions.com', 'Brazil', 'São Paulo', 2);
insert into Employee (id, first_name, last_name, title, department,  email, country, city, location) values (472, 'Lucais', 'Eagger', 'Developer', 2, 'Lucais.Eagger@BuzzwordSolutions.com', 'United States', 'Dallas', 3);
insert into Employee (id, first_name, last_name, title, department,  email, country, city, location) values (473, 'Bryanty', 'Danslow', 'Developer', 2, 'Bryanty.Danslow@BuzzwordSolutions.com', 'United States', 'Dallas', 3);
insert into Employee (id, first_name, last_name, title, department,  email, country, city, location) values (474, 'Ally', 'Leatt', 'Developer', 2, 'Ally.Leatt@BuzzwordSolutions.com', 'Brazil', 'São Paulo', 2);
insert into Employee (id, first_name, last_name, title, department,  email, country, city, location) values (475, 'Grantley', 'Yurikov', 'Sales Agent', 1, 'Grantley.Yurikov@BuzzwordSolutions.com', 'Brazil', 'São Paulo', 2);
insert into Employee (id, first_name, last_name, title, department,  email, country, city, location) values (476, 'Bessie', 'Kield', 'Developer', 2, 'Bessie.Kield@BuzzwordSolutions.com', 'Japan', 'Tokyo', 1);
insert into Employee (id, first_name, last_name, title, department,  email, country, city, location) values (477, 'Cayla', 'Fetteplace', 'Sales Agent', 1, 'Cayla.Fetteplace@BuzzwordSolutions.com', 'Brazil', 'São Paulo', 2);
insert into Employee (id, first_name, last_name, title, department,  email, country, city, location) values (478, 'Melita', 'Dulen', 'Developer', 2, 'Melita.Dulen@BuzzwordSolutions.com', 'Brazil', 'São Paulo', 2);
insert into Employee (id, first_name, last_name, title, department,  email, country, city, location) values (479, 'Boyce', 'Cayley', 'Developer', 2, 'Boyce.Cayley@BuzzwordSolutions.com', 'Japan', 'Tokyo', 1);
insert into Employee (id, first_name, last_name, title, department,  email, country, city, location) values (480, 'Gloria', 'Spadaro', 'Sales Agent', 1, 'Gloria.Spadaro@BuzzwordSolutions.com', 'United States', 'Dallas', 3);
insert into Employee (id, first_name, last_name, title, department,  email, country, city, location) values (481, 'Farica', 'Cressey', 'Developer', 2, 'Farica.Cressey@BuzzwordSolutions.com', 'South Africa', 'Johnannesburg', 4);
insert into Employee (id, first_name, last_name, title, department,  email, country, city, location) values (482, 'Shea', 'Burstow', 'Sales Agent', 1, 'Shea.Burstow@BuzzwordSolutions.com', 'Brazil', 'São Paulo', 2);
insert into Employee (id, first_name, last_name, title, department,  email, country, city, location) values (483, 'Gallard', 'Iacovucci', 'Developer', 2, 'Gallard.Iacovucci@BuzzwordSolutions.com', 'Brazil', 'São Paulo', 2);
insert into Employee (id, first_name, last_name, title, department,  email, country, city, location) values (484, 'Morena', 'Farnill', 'Sales Agent', 1, 'Morena.Farnill@BuzzwordSolutions.com', 'United States', 'Dallas', 3);
insert into Employee (id, first_name, last_name, title, department,  email, country, city, location) values (485, 'Ramonda', 'Burner', 'Developer', 2, 'Ramonda.Burner@BuzzwordSolutions.com', 'Japan', 'Tokyo', 1);
insert into Employee (id, first_name, last_name, title, department,  email, country, city, location) values (486, 'Jo', 'Leggis', 'Developer', 2, 'Jo.Leggis@BuzzwordSolutions.com', 'Japan', 'Tokyo', 1);
insert into Employee (id, first_name, last_name, title, department,  email, country, city, location) values (487, 'Ingeberg', 'Annes', 'Developer', 2, 'Ingeberg.Annes@BuzzwordSolutions.com', 'Germany', 'Berlin', 5);
insert into Employee (id, first_name, last_name, title, department,  email, country, city, location) values (488, 'Jerrie', 'Hankard', 'Developer', 2, 'Jerrie.Hankard@BuzzwordSolutions.com', 'Brazil', 'São Paulo', 2);
insert into Employee (id, first_name, last_name, title, department,  email, country, city, location) values (489, 'Evelina', 'Vashchenko', 'Sales Agent', 1, 'Evelina.Vashchenko@BuzzwordSolutions.com', 'Brazil', 'São Paulo', 2);
insert into Employee (id, first_name, last_name, title, department,  email, country, city, location) values (490, 'Sloan', 'Izak', 'Developer', 2, 'Sloan.Izak@BuzzwordSolutions.com', 'South Africa', 'Johnannesburg', 4);
insert into Employee (id, first_name, last_name, title, department,  email, country, city, location) values (491, 'Briant', 'Beveredge', 'Developer', 2, 'Briant.Beveredge@BuzzwordSolutions.com', 'Brazil', 'São Paulo', 2);
insert into Employee (id, first_name, last_name, title, department,  email, country, city, location) values (492, 'Deirdre', 'Bail', 'Sales Agent', 1, 'Deirdre.Bail@BuzzwordSolutions.com', 'United States', 'Dallas', 3);
insert into Employee (id, first_name, last_name, title, department,  email, country, city, location) values (493, 'Butch', 'Hentzer', 'Sales Agent', 1, 'Butch.Hentzer@BuzzwordSolutions.com', 'Japan', 'Tokyo', 1);
insert into Employee (id, first_name, last_name, title, department,  email, country, city, location) values (494, 'Lilias', 'McCosker', 'Sales Agent', 1, 'Lilias.McCosker@BuzzwordSolutions.com', 'Brazil', 'São Paulo', 2);
insert into Employee (id, first_name, last_name, title, department,  email, country, city, location) values (495, 'Silvie', 'Tuddall', 'Sales Agent', 1, 'Silvie.Tuddall@BuzzwordSolutions.com', 'Japan', 'Tokyo', 1);
insert into Employee (id, first_name, last_name, title, department,  email, country, city, location) values (496, 'Margy', 'MacPike', 'Developer', 2, 'Margy.MacPike@BuzzwordSolutions.com', 'Germany', 'Berlin', 5);
insert into Employee (id, first_name, last_name, title, department,  email, country, city, location) values (497, 'Chris', 'Troyes', 'Sales Agent', 1, 'Chris.Troyes@BuzzwordSolutions.com', 'United States', 'Dallas', 3);
insert into Employee (id, first_name, last_name, title, department,  email, country, city, location) values (498, 'Orsola', 'Halladey', 'Developer', 2, 'Orsola.Halladey@BuzzwordSolutions.com', 'Germany', 'Berlin', 5);
insert into Employee (id, first_name, last_name, title, department,  email, country, city, location) values (499, 'Diana', 'Presswell', 'Developer', 2, 'Diana.Presswell@BuzzwordSolutions.com', 'United States', 'Dallas', 3);
insert into Employee (id, first_name, last_name, title, department,  email, country, city, location) values (500, 'Jimmie', 'MacDwyer', 'Sales Agent', 1, 'Jimmie.MacDwyer@BuzzwordSolutions.com', 'South Africa', 'Johnannesburg', 4);
insert into Employee (id, first_name, last_name, title, department,  email, country, city, location) values (501, 'Malorie', 'Di Carli', 'Developer', 2, 'Malorie.Di Carli@BuzzwordSolutions.com', 'Japan', 'Tokyo', 1);
insert into Employee (id, first_name, last_name, title, department,  email, country, city, location) values (502, 'Roddie', 'Brislane', 'Developer', 2, 'Roddie.Brislane@BuzzwordSolutions.com', 'Brazil', 'São Paulo', 2);
insert into Employee (id, first_name, last_name, title, department,  email, country, city, location) values (503, 'Griff', 'Petroselli', 'Developer', 2, 'Griff.Petroselli@BuzzwordSolutions.com', 'United States', 'Dallas', 3);
insert into Employee (id, first_name, last_name, title, department,  email, country, city, location) values (504, 'Arman', 'Kroon', 'Developer', 2, 'Arman.Kroon@BuzzwordSolutions.com', 'Brazil', 'São Paulo', 2);
insert into Employee (id, first_name, last_name, title, department,  email, country, city, location) values (505, 'Maire', 'Cammidge', 'Developer', 2, 'Maire.Cammidge@BuzzwordSolutions.com', 'Brazil', 'São Paulo', 2);
insert into Employee (id, first_name, last_name, title, department,  email, country, city, location) values (506, 'Rolf', 'Rafter', 'Developer', 2, 'Rolf.Rafter@BuzzwordSolutions.com', 'United States', 'Dallas', 3);
insert into Employee (id, first_name, last_name, title, department,  email, country, city, location) values (507, 'Roby', 'Geffen', 'Developer', 2, 'Roby.Geffen@BuzzwordSolutions.com', 'United States', 'Dallas', 3);
insert into Employee (id, first_name, last_name, title, department,  email, country, city, location) values (508, 'Launce', 'MacLaverty', 'Developer', 2, 'Launce.MacLaverty@BuzzwordSolutions.com', 'United States', 'Dallas', 3);
insert into Employee (id, first_name, last_name, title, department,  email, country, city, location) values (509, 'Doroteya', 'Kleinbaum', 'Sales Agent', 1, 'Doroteya.Kleinbaum@BuzzwordSolutions.com', 'United States', 'Dallas', 3);
insert into Employee (id, first_name, last_name, title, department,  email, country, city, location) values (510, 'Adah', 'Spriggin', 'Developer', 2, 'Adah.Spriggin@BuzzwordSolutions.com', 'South Africa', 'Johnannesburg', 4);
insert into Employee (id, first_name, last_name, title, department,  email, country, city, location) values (511, 'Chris', 'Nuttall', 'Sales Agent', 1, 'Chris.Nuttall@BuzzwordSolutions.com', 'United States', 'Dallas', 3);
insert into Employee (id, first_name, last_name, title, department,  email, country, city, location) values (512, 'Jenifer', 'Kipping', 'Developer', 2, 'Jenifer.Kipping@BuzzwordSolutions.com', 'United States', 'Dallas', 3);
insert into Employee (id, first_name, last_name, title, department,  email, country, city, location) values (513, 'Farrel', 'Barstock', 'Developer', 2, 'Farrel.Barstock@BuzzwordSolutions.com', 'South Africa', 'Johnannesburg', 4);
insert into Employee (id, first_name, last_name, title, department,  email, country, city, location) values (514, 'Correy', 'Mougeot', 'Developer', 2, 'Correy.Mougeot@BuzzwordSolutions.com', 'Japan', 'Tokyo', 1);
insert into Employee (id, first_name, last_name, title, department,  email, country, city, location) values (515, 'Maiga', 'Claesens', 'Developer', 2, 'Maiga.Claesens@BuzzwordSolutions.com', 'Brazil', 'São Paulo', 2);
insert into Employee (id, first_name, last_name, title, department,  email, country, city, location) values (516, 'Berti', 'Ferbrache', 'Developer', 2, 'Berti.Ferbrache@BuzzwordSolutions.com', 'Japan', 'Tokyo', 1);
insert into Employee (id, first_name, last_name, title, department,  email, country, city, location) values (517, 'Eddi', 'Malster', 'Developer', 2, 'Eddi.Malster@BuzzwordSolutions.com', 'South Africa', 'Johnannesburg', 4);
insert into Employee (id, first_name, last_name, title, department,  email, country, city, location) values (518, 'Elbertine', 'Say', 'Sales Agent', 1, 'Elbertine.Say@BuzzwordSolutions.com', 'Germany', 'Berlin', 5);
insert into Employee (id, first_name, last_name, title, department,  email, country, city, location) values (519, 'Thatch', 'Hove', 'Developer', 2, 'Thatch.Hove@BuzzwordSolutions.com', 'United States', 'Dallas', 3);
insert into Employee (id, first_name, last_name, title, department,  email, country, city, location) values (520, 'Murry', 'Delacote', 'Developer', 2, 'Murry.Delacote@BuzzwordSolutions.com', 'Japan', 'Tokyo', 1);
insert into Employee (id, first_name, last_name, title, department,  email, country, city, location) values (521, 'Dulcinea', 'Brenneke', 'Developer', 2, 'Dulcinea.Brenneke@BuzzwordSolutions.com', 'Japan', 'Tokyo', 1);
insert into Employee (id, first_name, last_name, title, department,  email, country, city, location) values (522, 'Ilario', 'Bewshea', 'Developer', 2, 'Ilario.Bewshea@BuzzwordSolutions.com', 'Brazil', 'São Paulo', 2);
insert into Employee (id, first_name, last_name, title, department,  email, country, city, location) values (523, 'Thatch', 'Kiddell', 'Developer', 2, 'Thatch.Kiddell@BuzzwordSolutions.com', 'Japan', 'Tokyo', 1);
insert into Employee (id, first_name, last_name, title, department,  email, country, city, location) values (524, 'Lonee', 'Heintz', 'Sales Agent', 1, 'Lonee.Heintz@BuzzwordSolutions.com', 'South Africa', 'Johnannesburg', 4);
insert into Employee (id, first_name, last_name, title, department,  email, country, city, location) values (525, 'Vita', 'Sibille', 'Developer', 2, 'Vita.Sibille@BuzzwordSolutions.com', 'Brazil', 'São Paulo', 2);
insert into Employee (id, first_name, last_name, title, department,  email, country, city, location) values (526, 'Deerdre', 'Banner', 'Developer', 2, 'Deerdre.Banner@BuzzwordSolutions.com', 'Brazil', 'São Paulo', 2);
insert into Employee (id, first_name, last_name, title, department,  email, country, city, location) values (527, 'Keeley', 'Fernie', 'Developer', 2, 'Keeley.Fernie@BuzzwordSolutions.com', 'Brazil', 'São Paulo', 2);
insert into Employee (id, first_name, last_name, title, department,  email, country, city, location) values (528, 'Giselbert', 'Icke', 'Sales Agent', 1, 'Giselbert.Icke@BuzzwordSolutions.com', 'Brazil', 'São Paulo', 2);
insert into Employee (id, first_name, last_name, title, department,  email, country, city, location) values (529, 'Willard', 'Gockeler', 'Developer', 2, 'Willard.Gockeler@BuzzwordSolutions.com', 'United States', 'Dallas', 3);
insert into Employee (id, first_name, last_name, title, department,  email, country, city, location) values (530, 'Roxane', 'Shallcross', 'Developer', 2, 'Roxane.Shallcross@BuzzwordSolutions.com', 'Brazil', 'São Paulo', 2);
insert into Employee (id, first_name, last_name, title, department,  email, country, city, location) values (531, 'Isador', 'Gymlett', 'Developer', 2, 'Isador.Gymlett@BuzzwordSolutions.com', 'Brazil', 'São Paulo', 2);
insert into Employee (id, first_name, last_name, title, department,  email, country, city, location) values (532, 'Ahmad', 'Dudding', 'Sales Agent', 1, 'Ahmad.Dudding@BuzzwordSolutions.com', 'Brazil', 'São Paulo', 2);
insert into Employee (id, first_name, last_name, title, department,  email, country, city, location) values (533, 'Josefina', 'Ricciardiello', 'Sales Agent', 1, 'Josefina.Ricciardiello@BuzzwordSolutions.com', 'Brazil', 'São Paulo', 2);
insert into Employee (id, first_name, last_name, title, department,  email, country, city, location) values (534, 'Brandyn', 'Humes', 'Developer', 2, 'Brandyn.Humes@BuzzwordSolutions.com', 'United States', 'Dallas', 3);
insert into Employee (id, first_name, last_name, title, department,  email, country, city, location) values (535, 'Elizabeth', 'Roscrigg', 'Developer', 2, 'Elizabeth.Roscrigg@BuzzwordSolutions.com', 'United States', 'Dallas', 3);
insert into Employee (id, first_name, last_name, title, department,  email, country, city, location) values (536, 'Blakeley', 'McDuall', 'Sales Agent', 1, 'Blakeley.McDuall@BuzzwordSolutions.com', 'Brazil', 'São Paulo', 2);
insert into Employee (id, first_name, last_name, title, department,  email, country, city, location) values (537, 'Melanie', 'Manolov', 'Sales Agent', 1, 'Melanie.Manolov@BuzzwordSolutions.com', 'Japan', 'Tokyo', 1);
insert into Employee (id, first_name, last_name, title, department,  email, country, city, location) values (538, 'Gaby', 'Callaghan', 'Developer', 2, 'Gaby.Callaghan@BuzzwordSolutions.com', 'Brazil', 'São Paulo', 2);
insert into Employee (id, first_name, last_name, title, department,  email, country, city, location) values (539, 'Fulton', 'McConigal', 'Sales Agent', 1, 'Fulton.McConigal@BuzzwordSolutions.com', 'United States', 'Dallas', 3);
insert into Employee (id, first_name, last_name, title, department,  email, country, city, location) values (540, 'Meridith', 'Verick', 'Developer', 2, 'Meridith.Verick@BuzzwordSolutions.com', 'United States', 'Dallas', 3);
insert into Employee (id, first_name, last_name, title, department,  email, country, city, location) values (541, 'Mandel', 'Worledge', 'Sales Agent', 1, 'Mandel.Worledge@BuzzwordSolutions.com', 'Brazil', 'São Paulo', 2);
insert into Employee (id, first_name, last_name, title, department,  email, country, city, location) values (542, 'Lise', 'Linne', 'Developer', 2, 'Lise.Linne@BuzzwordSolutions.com', 'Brazil', 'São Paulo', 2);
insert into Employee (id, first_name, last_name, title, department,  email, country, city, location) values (543, 'Noach', 'Haily', 'Developer', 2, 'Noach.Haily@BuzzwordSolutions.com', 'Germany', 'Berlin', 5);
insert into Employee (id, first_name, last_name, title, department,  email, country, city, location) values (544, 'Hubert', 'Looney', 'Developer', 2, 'Hubert.Looney@BuzzwordSolutions.com', 'Japan', 'Tokyo', 1);
insert into Employee (id, first_name, last_name, title, department,  email, country, city, location) values (545, 'Sapphira', 'Cudbertson', 'Sales Agent', 1, 'Sapphira.Cudbertson@BuzzwordSolutions.com', 'Brazil', 'São Paulo', 2);
insert into Employee (id, first_name, last_name, title, department,  email, country, city, location) values (546, 'Llywellyn', 'Dach', 'Developer', 2, 'Llywellyn.Dach@BuzzwordSolutions.com', 'Brazil', 'São Paulo', 2);
insert into Employee (id, first_name, last_name, title, department,  email, country, city, location) values (547, 'Ivar', 'Streatfield', 'Developer', 2, 'Ivar.Streatfield@BuzzwordSolutions.com', 'Japan', 'Tokyo', 1);
insert into Employee (id, first_name, last_name, title, department,  email, country, city, location) values (548, 'Estrella', 'O''Spillane', 'Sales Agent', 1, 'Estrella.O''Spillane@BuzzwordSolutions.com', 'United States', 'Dallas', 3);
insert into Employee (id, first_name, last_name, title, department,  email, country, city, location) values (549, 'Levon', 'Weafer', 'Developer', 2, 'Levon.Weafer@BuzzwordSolutions.com', 'Japan', 'Tokyo', 1);
insert into Employee (id, first_name, last_name, title, department,  email, country, city, location) values (550, 'Randell', 'McGilvary', 'Sales Agent', 1, 'Randell.McGilvary@BuzzwordSolutions.com', 'Japan', 'Tokyo', 1);
insert into Employee (id, first_name, last_name, title, department,  email, country, city, location) values (551, 'Becky', 'Pitkeathley', 'Developer', 2, 'Becky.Pitkeathley@BuzzwordSolutions.com', 'Japan', 'Tokyo', 1);
insert into Employee (id, first_name, last_name, title, department,  email, country, city, location) values (552, 'Berry', 'Scemp', 'Developer', 2, 'Berry.Scemp@BuzzwordSolutions.com', 'Japan', 'Tokyo', 1);
insert into Employee (id, first_name, last_name, title, department,  email, country, city, location) values (553, 'Theodosia', 'Knowlton', 'Developer', 2, 'Theodosia.Knowlton@BuzzwordSolutions.com', 'Brazil', 'São Paulo', 2);
insert into Employee (id, first_name, last_name, title, department,  email, country, city, location) values (554, 'Bevon', 'Waker', 'Developer', 2, 'Bevon.Waker@BuzzwordSolutions.com', 'South Africa', 'Johnannesburg', 4);
insert into Employee (id, first_name, last_name, title, department,  email, country, city, location) values (555, 'Vitoria', 'Combes', 'Developer', 2, 'Vitoria.Combes@BuzzwordSolutions.com', 'Japan', 'Tokyo', 1);
insert into Employee (id, first_name, last_name, title, department,  email, country, city, location) values (556, 'Dolph', 'Mc Dermid', 'Developer', 2, 'Dolph.Mc Dermid@BuzzwordSolutions.com', 'South Africa', 'Johnannesburg', 4);
insert into Employee (id, first_name, last_name, title, department,  email, country, city, location) values (557, 'Nata', 'Condliffe', 'Sales Agent', 1, 'Nata.Condliffe@BuzzwordSolutions.com', 'Japan', 'Tokyo', 1);
insert into Employee (id, first_name, last_name, title, department,  email, country, city, location) values (558, 'Curt', 'Southan', 'Manager', 1, 'Curt.Southan@BuzzwordSolutions.com', 'Japan', 'Tokyo', 1);
insert into Employee (id, first_name, last_name, title, department,  email, country, city, location) values (559, 'Heloise', 'Haddleton', 'Sales Agent', 1, 'Heloise.Haddleton@BuzzwordSolutions.com', 'South Africa', 'Johnannesburg', 4);
insert into Employee (id, first_name, last_name, title, department,  email, country, city, location) values (560, 'Jasen', 'Allicock', 'Sales Agent', 1, 'Jasen.Allicock@BuzzwordSolutions.com', 'Brazil', 'São Paulo', 2);
insert into Employee (id, first_name, last_name, title, department,  email, country, city, location) values (561, 'Pascale', 'Sweatland', 'Sales Agent', 1, 'Pascale.Sweatland@BuzzwordSolutions.com', 'United States', 'Dallas', 3);
insert into Employee (id, first_name, last_name, title, department,  email, country, city, location) values (562, 'Kerrin', 'Dikelin', 'Sales Agent', 1, 'Kerrin.Dikelin@BuzzwordSolutions.com', 'Japan', 'Tokyo', 1);
insert into Employee (id, first_name, last_name, title, department,  email, country, city, location) values (563, 'Nancie', 'Sifflett', 'Developer', 2, 'Nancie.Sifflett@BuzzwordSolutions.com', 'Brazil', 'São Paulo', 2);
insert into Employee (id, first_name, last_name, title, department,  email, country, city, location) values (564, 'Debbie', 'Benka', 'Developer', 2, 'Debbie.Benka@BuzzwordSolutions.com', 'United States', 'Dallas', 3);
insert into Employee (id, first_name, last_name, title, department,  email, country, city, location) values (565, 'Cordy', 'Vallintine', 'Developer', 2, 'Cordy.Vallintine@BuzzwordSolutions.com', 'United States', 'Dallas', 3);
insert into Employee (id, first_name, last_name, title, department,  email, country, city, location) values (566, 'Hamel', 'Landy', 'Developer', 2, 'Hamel.Landy@BuzzwordSolutions.com', 'United States', 'Dallas', 3);
insert into Employee (id, first_name, last_name, title, department,  email, country, city, location) values (567, 'Willis', 'Castilla', 'Developer', 2, 'Willis.Castilla@BuzzwordSolutions.com', 'Japan', 'Tokyo', 1);
insert into Employee (id, first_name, last_name, title, department,  email, country, city, location) values (568, 'Wynne', 'Sidebotton', 'Developer', 2, 'Wynne.Sidebotton@BuzzwordSolutions.com', 'Japan', 'Tokyo', 1);
insert into Employee (id, first_name, last_name, title, department,  email, country, city, location) values (569, 'Martelle', 'Jostan', 'Developer', 2, 'Martelle.Jostan@BuzzwordSolutions.com', 'Brazil', 'São Paulo', 2);
insert into Employee (id, first_name, last_name, title, department,  email, country, city, location) values (570, 'Clem', 'Pebworth', 'Developer', 2, 'Clem.Pebworth@BuzzwordSolutions.com', 'Japan', 'Tokyo', 1);
insert into Employee (id, first_name, last_name, title, department,  email, country, city, location) values (571, 'Pieter', 'Hopfer', 'Developer', 2, 'Pieter.Hopfer@BuzzwordSolutions.com', 'Brazil', 'São Paulo', 2);
insert into Employee (id, first_name, last_name, title, department,  email, country, city, location) values (572, 'Haleigh', 'Noice', 'Developer', 2, 'Haleigh.Noice@BuzzwordSolutions.com', 'Japan', 'Tokyo', 1);
insert into Employee (id, first_name, last_name, title, department,  email, country, city, location) values (573, 'Shae', 'Cudmore', 'Developer', 2, 'Shae.Cudmore@BuzzwordSolutions.com', 'Brazil', 'São Paulo', 2);
insert into Employee (id, first_name, last_name, title, department,  email, country, city, location) values (574, 'Gleda', 'Denington', 'Sales Agent', 1, 'Gleda.Denington@BuzzwordSolutions.com', 'Brazil', 'São Paulo', 2);
insert into Employee (id, first_name, last_name, title, department,  email, country, city, location) values (575, 'Casie', 'Berr', 'Sales Agent', 1, 'Casie.Berr@BuzzwordSolutions.com', 'Japan', 'Tokyo', 1);
insert into Employee (id, first_name, last_name, title, department,  email, country, city, location) values (576, 'Vassili', 'Eassom', 'Developer', 2, 'Vassili.Eassom@BuzzwordSolutions.com', 'Japan', 'Tokyo', 1);
insert into Employee (id, first_name, last_name, title, department,  email, country, city, location) values (577, 'Auguste', 'Tweed', 'Manager', 1, 'Auguste.Tweed@BuzzwordSolutions.com', 'United States', 'Dallas', 3);
insert into Employee (id, first_name, last_name, title, department,  email, country, city, location) values (578, 'Grenville', 'Cummungs', 'Developer', 2, 'Grenville.Cummungs@BuzzwordSolutions.com', 'United States', 'Dallas', 3);
insert into Employee (id, first_name, last_name, title, department,  email, country, city, location) values (579, 'Sissie', 'Clarkin', 'Sales Agent', 1, 'Sissie.Clarkin@BuzzwordSolutions.com', 'Japan', 'Tokyo', 1);
insert into Employee (id, first_name, last_name, title, department,  email, country, city, location) values (580, 'Fiorenze', 'Alberts', 'Developer', 2, 'Fiorenze.Alberts@BuzzwordSolutions.com', 'Brazil', 'São Paulo', 2);
insert into Employee (id, first_name, last_name, title, department,  email, country, city, location) values (581, 'August', 'Mangenot', 'Developer', 2, 'August.Mangenot@BuzzwordSolutions.com', 'Brazil', 'São Paulo', 2);
insert into Employee (id, first_name, last_name, title, department,  email, country, city, location) values (582, 'Tamera', 'Bhatia', 'Developer', 2, 'Tamera.Bhatia@BuzzwordSolutions.com', 'United States', 'Dallas', 3);
insert into Employee (id, first_name, last_name, title, department,  email, country, city, location) values (583, 'Winnifred', 'Densell', 'Developer', 2, 'Winnifred.Densell@BuzzwordSolutions.com', 'Japan', 'Tokyo', 1);
insert into Employee (id, first_name, last_name, title, department,  email, country, city, location) values (584, 'Jaime', 'Bates', 'Developer', 2, 'Jaime.Bates@BuzzwordSolutions.com', 'South Africa', 'Johnannesburg', 4);
insert into Employee (id, first_name, last_name, title, department,  email, country, city, location) values (585, 'Archibaldo', 'Neissen', 'Developer', 2, 'Archibaldo.Neissen@BuzzwordSolutions.com', 'South Africa', 'Johnannesburg', 4);
insert into Employee (id, first_name, last_name, title, department,  email, country, city, location) values (586, 'Justinian', 'Leadstone', 'Developer', 2, 'Justinian.Leadstone@BuzzwordSolutions.com', 'United States', 'Dallas', 3);
insert into Employee (id, first_name, last_name, title, department,  email, country, city, location) values (587, 'Rowe', 'Hawtrey', 'Developer', 2, 'Rowe.Hawtrey@BuzzwordSolutions.com', 'Brazil', 'São Paulo', 2);
insert into Employee (id, first_name, last_name, title, department,  email, country, city, location) values (588, 'Lyon', 'Sugarman', 'Sales Agent', 1, 'Lyon.Sugarman@BuzzwordSolutions.com', 'Brazil', 'São Paulo', 2);
insert into Employee (id, first_name, last_name, title, department,  email, country, city, location) values (589, 'Xever', 'Ashwin', 'Developer', 2, 'Xever.Ashwin@BuzzwordSolutions.com', 'Brazil', 'São Paulo', 2);
insert into Employee (id, first_name, last_name, title, department,  email, country, city, location) values (590, 'Gizela', 'Lewendon', 'Developer', 2, 'Gizela.Lewendon@BuzzwordSolutions.com', 'Japan', 'Tokyo', 1);
insert into Employee (id, first_name, last_name, title, department,  email, country, city, location) values (591, 'Ambrosius', 'Vieyra', 'Developer', 2, 'Ambrosius.Vieyra@BuzzwordSolutions.com', 'Brazil', 'São Paulo', 2);
insert into Employee (id, first_name, last_name, title, department,  email, country, city, location) values (592, 'Lynea', 'Zywicki', 'Sales Agent', 1, 'Lynea.Zywicki@BuzzwordSolutions.com', 'Brazil', 'São Paulo', 2);
insert into Employee (id, first_name, last_name, title, department,  email, country, city, location) values (593, 'Charles', 'Barhams', 'Sales Agent', 1, 'Charles.Barhams@BuzzwordSolutions.com', 'Japan', 'Tokyo', 1);
insert into Employee (id, first_name, last_name, title, department,  email, country, city, location) values (594, 'Melitta', 'Temlett', 'Developer', 2, 'Melitta.Temlett@BuzzwordSolutions.com', 'Japan', 'Tokyo', 1);
insert into Employee (id, first_name, last_name, title, department,  email, country, city, location) values (595, 'Caesar', 'Kelmere', 'Developer', 2, 'Caesar.Kelmere@BuzzwordSolutions.com', 'Brazil', 'São Paulo', 2);
insert into Employee (id, first_name, last_name, title, department,  email, country, city, location) values (596, 'Desdemona', 'Pragnell', 'Developer', 2, 'Desdemona.Pragnell@BuzzwordSolutions.com', 'United States', 'Dallas', 3);
insert into Employee (id, first_name, last_name, title, department,  email, country, city, location) values (597, 'Emmott', 'Seif', 'Sales Agent', 1, 'Emmott.Seif@BuzzwordSolutions.com', 'Japan', 'Tokyo', 1);
insert into Employee (id, first_name, last_name, title, department,  email, country, city, location) values (598, 'Kipp', 'Icom', 'Sales Agent', 1, 'Kipp.Icom@BuzzwordSolutions.com', 'Brazil', 'São Paulo', 2);
insert into Employee (id, first_name, last_name, title, department,  email, country, city, location) values (599, 'Quincey', 'Benbough', 'Developer', 2, 'Quincey.Benbough@BuzzwordSolutions.com', 'Germany', 'Berlin', 5);
insert into Employee (id, first_name, last_name, title, department,  email, country, city, location) values (600, 'Bronnie', 'Hembrow', 'Sales Agent', 1, 'Bronnie.Hembrow@BuzzwordSolutions.com', 'Brazil', 'São Paulo', 2);
insert into Employee (id, first_name, last_name, title, department,  email, country, city, location) values (601, 'Janene', 'Camelli', 'Developer', 2, 'Janene.Camelli@BuzzwordSolutions.com', 'Brazil', 'São Paulo', 2);
insert into Employee (id, first_name, last_name, title, department,  email, country, city, location) values (602, 'Corey', 'Tomkies', 'Developer', 2, 'Corey.Tomkies@BuzzwordSolutions.com', 'Germany', 'Berlin', 5);
insert into Employee (id, first_name, last_name, title, department,  email, country, city, location) values (603, 'Kennan', 'Matijevic', 'Developer', 2, 'Kennan.Matijevic@BuzzwordSolutions.com', 'Brazil', 'São Paulo', 2);
insert into Employee (id, first_name, last_name, title, department,  email, country, city, location) values (604, 'Justinian', 'Wyrill', 'Sales Agent', 1, 'Justinian.Wyrill@BuzzwordSolutions.com', 'Brazil', 'São Paulo', 2);
insert into Employee (id, first_name, last_name, title, department,  email, country, city, location) values (605, 'Otto', 'Eager', 'Sales Agent', 1, 'Otto.Eager@BuzzwordSolutions.com', 'Brazil', 'São Paulo', 2);
insert into Employee (id, first_name, last_name, title, department,  email, country, city, location) values (606, 'Dwayne', 'Reary', 'Developer', 2, 'Dwayne.Reary@BuzzwordSolutions.com', 'South Africa', 'Johnannesburg', 4);
insert into Employee (id, first_name, last_name, title, department,  email, country, city, location) values (607, 'Zsa zsa', 'Marlon', 'Sales Agent', 1, 'Zsa zsa.Marlon@BuzzwordSolutions.com', 'United States', 'Dallas', 3);
insert into Employee (id, first_name, last_name, title, department,  email, country, city, location) values (608, 'Lee', 'Moughton', 'Developer', 2, 'Lee.Moughton@BuzzwordSolutions.com', 'Brazil', 'São Paulo', 2);
insert into Employee (id, first_name, last_name, title, department,  email, country, city, location) values (609, 'Angelique', 'Lehemann', 'Sales Agent', 1, 'Angelique.Lehemann@BuzzwordSolutions.com', 'Japan', 'Tokyo', 1);
insert into Employee (id, first_name, last_name, title, department,  email, country, city, location) values (610, 'Lexie', 'Chrisp', 'Developer', 2, 'Lexie.Chrisp@BuzzwordSolutions.com', 'United States', 'Dallas', 3);
insert into Employee (id, first_name, last_name, title, department,  email, country, city, location) values (611, 'Evonne', 'Dooney', 'Developer', 2, 'Evonne.Dooney@BuzzwordSolutions.com', 'Brazil', 'São Paulo', 2);
insert into Employee (id, first_name, last_name, title, department,  email, country, city, location) values (612, 'Samson', 'Licas', 'Sales Agent', 1, 'Samson.Licas@BuzzwordSolutions.com', 'Brazil', 'São Paulo', 2);
insert into Employee (id, first_name, last_name, title, department,  email, country, city, location) values (613, 'Bondy', 'O''Neil', 'Sales Agent', 1, 'Bondy.O''Neil@BuzzwordSolutions.com', 'United States', 'Dallas', 3);
insert into Employee (id, first_name, last_name, title, department,  email, country, city, location) values (614, 'Joane', 'Ruffli', 'Sales Agent', 1, 'Joane.Ruffli@BuzzwordSolutions.com', 'Japan', 'Tokyo', 1);
insert into Employee (id, first_name, last_name, title, department,  email, country, city, location) values (615, 'Selle', 'Sharphurst', 'Developer', 2, 'Selle.Sharphurst@BuzzwordSolutions.com', 'Brazil', 'São Paulo', 2);
insert into Employee (id, first_name, last_name, title, department,  email, country, city, location) values (616, 'Demetre', 'Cassely', 'Developer', 2, 'Demetre.Cassely@BuzzwordSolutions.com', 'United States', 'Dallas', 3);
insert into Employee (id, first_name, last_name, title, department,  email, country, city, location) values (617, 'Clifford', 'Keohane', 'Developer', 2, 'Clifford.Keohane@BuzzwordSolutions.com', 'Brazil', 'São Paulo', 2);
insert into Employee (id, first_name, last_name, title, department,  email, country, city, location) values (618, 'Marigold', 'McArthur', 'Sales Agent', 1, 'Marigold.McArthur@BuzzwordSolutions.com', 'Japan', 'Tokyo', 1);
insert into Employee (id, first_name, last_name, title, department,  email, country, city, location) values (619, 'Rayna', 'Diamant', 'Sales Agent', 1, 'Rayna.Diamant@BuzzwordSolutions.com', 'United States', 'Dallas', 3);
insert into Employee (id, first_name, last_name, title, department,  email, country, city, location) values (620, 'Nikita', 'Berka', 'Sales Agent', 1, 'Nikita.Berka@BuzzwordSolutions.com', 'South Africa', 'Johnannesburg', 4);
insert into Employee (id, first_name, last_name, title, department,  email, country, city, location) values (621, 'Midge', 'Rawkesby', 'Sales Agent', 1, 'Midge.Rawkesby@BuzzwordSolutions.com', 'Brazil', 'São Paulo', 2);
insert into Employee (id, first_name, last_name, title, department,  email, country, city, location) values (622, 'Aleda', 'Attard', 'Developer', 2, 'Aleda.Attard@BuzzwordSolutions.com', 'United States', 'Dallas', 3);
insert into Employee (id, first_name, last_name, title, department,  email, country, city, location) values (623, 'Catherine', 'Deeble', 'Sales Agent', 1, 'Catherine.Deeble@BuzzwordSolutions.com', 'Japan', 'Tokyo', 1);
insert into Employee (id, first_name, last_name, title, department,  email, country, city, location) values (624, 'Nata', 'Edinborough', 'Developer', 2, 'Nata.Edinborough@BuzzwordSolutions.com', 'United States', 'Dallas', 3);
insert into Employee (id, first_name, last_name, title, department,  email, country, city, location) values (625, 'Gabe', 'Iacopo', 'Developer', 2, 'Gabe.Iacopo@BuzzwordSolutions.com', 'Germany', 'Berlin', 5);
insert into Employee (id, first_name, last_name, title, department,  email, country, city, location) values (626, 'Craggy', 'Kaye', 'Sales Agent', 1, 'Craggy.Kaye@BuzzwordSolutions.com', 'Brazil', 'São Paulo', 2);
insert into Employee (id, first_name, last_name, title, department,  email, country, city, location) values (627, 'Lexie', 'L'' Estrange', 'Developer', 2, 'Lexie.L'' Estrange@BuzzwordSolutions.com', 'Brazil', 'São Paulo', 2);
insert into Employee (id, first_name, last_name, title, department,  email, country, city, location) values (628, 'Denys', 'Burel', 'Sales Agent', 1, 'Denys.Burel@BuzzwordSolutions.com', 'Brazil', 'São Paulo', 2);
insert into Employee (id, first_name, last_name, title, department,  email, country, city, location) values (629, 'Ellynn', 'Beetham', 'Sales Agent', 1, 'Ellynn.Beetham@BuzzwordSolutions.com', 'Brazil', 'São Paulo', 2);
insert into Employee (id, first_name, last_name, title, department,  email, country, city, location) values (630, 'Clay', 'McNea', 'Developer', 2, 'Clay.McNea@BuzzwordSolutions.com', 'United States', 'Dallas', 3);
insert into Employee (id, first_name, last_name, title, department,  email, country, city, location) values (631, 'Catharina', 'Vayne', 'Developer', 2, 'Catharina.Vayne@BuzzwordSolutions.com', 'South Africa', 'Johnannesburg', 4);
insert into Employee (id, first_name, last_name, title, department,  email, country, city, location) values (632, 'Alena', 'Bengtson', 'Sales Agent', 1, 'Alena.Bengtson@BuzzwordSolutions.com', 'Brazil', 'São Paulo', 2);
insert into Employee (id, first_name, last_name, title, department,  email, country, city, location) values (633, 'Percy', 'Molines', 'Developer', 2, 'Percy.Molines@BuzzwordSolutions.com', 'Brazil', 'São Paulo', 2);
insert into Employee (id, first_name, last_name, title, department,  email, country, city, location) values (634, 'Arlyn', 'Locksley', 'Manager', 1, 'Arlyn.Locksley@BuzzwordSolutions.com', 'Japan', 'Tokyo', 1);
insert into Employee (id, first_name, last_name, title, department,  email, country, city, location) values (635, 'Lizabeth', 'Tumulty', 'Developer', 2, 'Lizabeth.Tumulty@BuzzwordSolutions.com', 'Japan', 'Tokyo', 1);
insert into Employee (id, first_name, last_name, title, department,  email, country, city, location) values (636, 'Gusti', 'Firpo', 'Developer', 2, 'Gusti.Firpo@BuzzwordSolutions.com', 'Japan', 'Tokyo', 1);
insert into Employee (id, first_name, last_name, title, department,  email, country, city, location) values (637, 'Yardley', 'Dougal', 'Developer', 2, 'Yardley.Dougal@BuzzwordSolutions.com', 'Brazil', 'São Paulo', 2);
insert into Employee (id, first_name, last_name, title, department,  email, country, city, location) values (638, 'Paloma', 'Foort', 'Sales Agent', 1, 'Paloma.Foort@BuzzwordSolutions.com', 'Brazil', 'São Paulo', 2);
insert into Employee (id, first_name, last_name, title, department,  email, country, city, location) values (639, 'Catlaina', 'Henker', 'Developer', 2, 'Catlaina.Henker@BuzzwordSolutions.com', 'Japan', 'Tokyo', 1);
insert into Employee (id, first_name, last_name, title, department,  email, country, city, location) values (640, 'Dagmar', 'Lydon', 'Sales Agent', 1, 'Dagmar.Lydon@BuzzwordSolutions.com', 'Brazil', 'São Paulo', 2);
insert into Employee (id, first_name, last_name, title, department,  email, country, city, location) values (641, 'Annecorinne', 'Sircomb', 'Developer', 2, 'Annecorinne.Sircomb@BuzzwordSolutions.com', 'United States', 'Dallas', 3);
insert into Employee (id, first_name, last_name, title, department,  email, country, city, location) values (642, 'Budd', 'Capponer', 'Developer', 2, 'Budd.Capponer@BuzzwordSolutions.com', 'Brazil', 'São Paulo', 2);
insert into Employee (id, first_name, last_name, title, department,  email, country, city, location) values (643, 'Clary', 'Del Dello', 'Sales Agent', 1, 'Clary.Del Dello@BuzzwordSolutions.com', 'Brazil', 'São Paulo', 2);
insert into Employee (id, first_name, last_name, title, department,  email, country, city, location) values (644, 'Dorthy', 'Kilbee', 'Developer', 2, 'Dorthy.Kilbee@BuzzwordSolutions.com', 'Brazil', 'São Paulo', 2);
insert into Employee (id, first_name, last_name, title, department,  email, country, city, location) values (645, 'Peta', 'Negri', 'Sales Agent', 1, 'Peta.Negri@BuzzwordSolutions.com', 'United States', 'Dallas', 3);
insert into Employee (id, first_name, last_name, title, department,  email, country, city, location) values (646, 'Cherlyn', 'Makey', 'Developer', 2, 'Cherlyn.Makey@BuzzwordSolutions.com', 'United States', 'Dallas', 3);
insert into Employee (id, first_name, last_name, title, department,  email, country, city, location) values (647, 'Madelaine', 'Doeg', 'Developer', 2, 'Madelaine.Doeg@BuzzwordSolutions.com', 'Japan', 'Tokyo', 1);
insert into Employee (id, first_name, last_name, title, department,  email, country, city, location) values (648, 'Ceil', 'McColgan', 'Sales Agent', 1, 'Ceil.McColgan@BuzzwordSolutions.com', 'Brazil', 'São Paulo', 2);
insert into Employee (id, first_name, last_name, title, department,  email, country, city, location) values (649, 'Alfie', 'Cottem', 'Developer', 2, 'Alfie.Cottem@BuzzwordSolutions.com', 'Brazil', 'São Paulo', 2);
insert into Employee (id, first_name, last_name, title, department,  email, country, city, location) values (650, 'Elysha', 'Nardi', 'Sales Agent', 1, 'Elysha.Nardi@BuzzwordSolutions.com', 'Brazil', 'São Paulo', 2);
insert into Employee (id, first_name, last_name, title, department,  email, country, city, location) values (651, 'Ursa', 'MacQueen', 'Developer', 2, 'Ursa.MacQueen@BuzzwordSolutions.com', 'Japan', 'Tokyo', 1);
insert into Employee (id, first_name, last_name, title, department,  email, country, city, location) values (652, 'Jaymie', 'Dhillon', 'Developer', 2, 'Jaymie.Dhillon@BuzzwordSolutions.com', 'Brazil', 'São Paulo', 2);
insert into Employee (id, first_name, last_name, title, department,  email, country, city, location) values (653, 'Marillin', 'Antoniat', 'Sales Agent', 1, 'Marillin.Antoniat@BuzzwordSolutions.com', 'Japan', 'Tokyo', 1);
insert into Employee (id, first_name, last_name, title, department,  email, country, city, location) values (654, 'Chas', 'Mochar', 'Developer', 2, 'Chas.Mochar@BuzzwordSolutions.com', 'United States', 'Dallas', 3);
insert into Employee (id, first_name, last_name, title, department,  email, country, city, location) values (655, 'Mignonne', 'Notman', 'Sales Agent', 1, 'Mignonne.Notman@BuzzwordSolutions.com', 'Brazil', 'São Paulo', 2);
insert into Employee (id, first_name, last_name, title, department,  email, country, city, location) values (656, 'Maureene', 'Flindall', 'Developer', 2, 'Maureene.Flindall@BuzzwordSolutions.com', 'Brazil', 'São Paulo', 2);
insert into Employee (id, first_name, last_name, title, department,  email, country, city, location) values (657, 'Charisse', 'Bowskill', 'Sales Agent', 1, 'Charisse.Bowskill@BuzzwordSolutions.com', 'United States', 'Dallas', 3);
insert into Employee (id, first_name, last_name, title, department,  email, country, city, location) values (658, 'Joleen', 'Fishbie', 'Manager', 3, 'Joleen.Fishbie@BuzzwordSolutions.com', 'Japan', 'Tokyo', 1);
insert into Employee (id, first_name, last_name, title, department,  email, country, city, location) values (659, 'Ruthie', 'Lippard', 'Developer', 2, 'Ruthie.Lippard@BuzzwordSolutions.com', 'Brazil', 'São Paulo', 2);
insert into Employee (id, first_name, last_name, title, department,  email, country, city, location) values (660, 'Faulkner', 'Labrum', 'Developer', 2, 'Faulkner.Labrum@BuzzwordSolutions.com', 'Germany', 'Berlin', 5);
insert into Employee (id, first_name, last_name, title, department,  email, country, city, location) values (661, 'Agnella', 'MacNamee', 'Sales Agent', 1, 'Agnella.MacNamee@BuzzwordSolutions.com', 'Brazil', 'São Paulo', 2);
insert into Employee (id, first_name, last_name, title, department,  email, country, city, location) values (662, 'Renate', 'Rope', 'Developer', 2, 'Renate.Rope@BuzzwordSolutions.com', 'Japan', 'Tokyo', 1);
insert into Employee (id, first_name, last_name, title, department,  email, country, city, location) values (663, 'Barthel', 'Gummoe', 'Sales Agent', 1, 'Barthel.Gummoe@BuzzwordSolutions.com', 'Brazil', 'São Paulo', 2);
insert into Employee (id, first_name, last_name, title, department,  email, country, city, location) values (664, 'Mirelle', 'Cowlam', 'Developer', 2, 'Mirelle.Cowlam@BuzzwordSolutions.com', 'Brazil', 'São Paulo', 2);
insert into Employee (id, first_name, last_name, title, department,  email, country, city, location) values (665, 'Sophronia', 'Sparke', 'Developer', 2, 'Sophronia.Sparke@BuzzwordSolutions.com', 'Japan', 'Tokyo', 1);
insert into Employee (id, first_name, last_name, title, department,  email, country, city, location) values (666, 'Barnabas', 'Blackborne', 'Developer', 2, 'Barnabas.Blackborne@BuzzwordSolutions.com', 'United States', 'Dallas', 3);
insert into Employee (id, first_name, last_name, title, department,  email, country, city, location) values (667, 'Dori', 'Slimon', 'Developer', 2, 'Dori.Slimon@BuzzwordSolutions.com', 'United States', 'Dallas', 3);
insert into Employee (id, first_name, last_name, title, department,  email, country, city, location) values (668, 'Robb', 'Bettis', 'Developer', 2, 'Robb.Bettis@BuzzwordSolutions.com', 'United States', 'Dallas', 3);
insert into Employee (id, first_name, last_name, title, department,  email, country, city, location) values (669, 'Aarika', 'Crimes', 'Developer', 2, 'Aarika.Crimes@BuzzwordSolutions.com', 'Japan', 'Tokyo', 1);
insert into Employee (id, first_name, last_name, title, department,  email, country, city, location) values (670, 'Perri', 'Fernando', 'Sales Agent', 1, 'Perri.Fernando@BuzzwordSolutions.com', 'United States', 'Dallas', 3);
insert into Employee (id, first_name, last_name, title, department,  email, country, city, location) values (671, 'Fidole', 'McAreavey', 'Developer', 2, 'Fidole.McAreavey@BuzzwordSolutions.com', 'Brazil', 'São Paulo', 2);
insert into Employee (id, first_name, last_name, title, department,  email, country, city, location) values (672, 'Daffy', 'Lorens', 'Developer', 2, 'Daffy.Lorens@BuzzwordSolutions.com', 'Japan', 'Tokyo', 1);
insert into Employee (id, first_name, last_name, title, department,  email, country, city, location) values (673, 'Manon', 'Bater', 'Developer', 2, 'Manon.Bater@BuzzwordSolutions.com', 'Japan', 'Tokyo', 1);
insert into Employee (id, first_name, last_name, title, department,  email, country, city, location) values (674, 'Dede', 'Stodd', 'Developer', 2, 'Dede.Stodd@BuzzwordSolutions.com', 'Brazil', 'São Paulo', 2);
insert into Employee (id, first_name, last_name, title, department,  email, country, city, location) values (675, 'Cliff', 'Morit', 'Developer', 2, 'Cliff.Morit@BuzzwordSolutions.com', 'United States', 'Dallas', 3);
insert into Employee (id, first_name, last_name, title, department,  email, country, city, location) values (676, 'Brose', 'Elmhurst', 'Sales Agent', 1, 'Brose.Elmhurst@BuzzwordSolutions.com', 'Brazil', 'São Paulo', 2);
insert into Employee (id, first_name, last_name, title, department,  email, country, city, location) values (677, 'Vivyanne', 'Renac', 'Sales Agent', 1, 'Vivyanne.Renac@BuzzwordSolutions.com', 'Japan', 'Tokyo', 1);
insert into Employee (id, first_name, last_name, title, department,  email, country, city, location) values (678, 'Kordula', 'Buard', 'Sales Agent', 1, 'Kordula.Buard@BuzzwordSolutions.com', 'Brazil', 'São Paulo', 2);
insert into Employee (id, first_name, last_name, title, department,  email, country, city, location) values (679, 'Redd', 'Fenna', 'Developer', 2, 'Redd.Fenna@BuzzwordSolutions.com', 'Brazil', 'São Paulo', 2);
insert into Employee (id, first_name, last_name, title, department,  email, country, city, location) values (680, 'Ted', 'Dohmann', 'Developer', 2, 'Ted.Dohmann@BuzzwordSolutions.com', 'Brazil', 'São Paulo', 2);
insert into Employee (id, first_name, last_name, title, department,  email, country, city, location) values (681, 'Corey', 'Dri', 'Sales Agent', 1, 'Corey.Dri@BuzzwordSolutions.com', 'United States', 'Dallas', 3);
insert into Employee (id, first_name, last_name, title, department,  email, country, city, location) values (682, 'Sharlene', 'Lammers', 'Sales Agent', 1, 'Sharlene.Lammers@BuzzwordSolutions.com', 'Japan', 'Tokyo', 1);
insert into Employee (id, first_name, last_name, title, department,  email, country, city, location) values (683, 'Levey', 'Portman', 'Developer', 2, 'Levey.Portman@BuzzwordSolutions.com', 'South Africa', 'Johnannesburg', 4);
insert into Employee (id, first_name, last_name, title, department,  email, country, city, location) values (684, 'Wilma', 'Bounde', 'Developer', 2, 'Wilma.Bounde@BuzzwordSolutions.com', 'Brazil', 'São Paulo', 2);
insert into Employee (id, first_name, last_name, title, department,  email, country, city, location) values (685, 'Chiarra', 'Pervoe', 'Developer', 2, 'Chiarra.Pervoe@BuzzwordSolutions.com', 'Japan', 'Tokyo', 1);
insert into Employee (id, first_name, last_name, title, department,  email, country, city, location) values (686, 'Bess', 'Colgan', 'Developer', 2, 'Bess.Colgan@BuzzwordSolutions.com', 'Germany', 'Berlin', 5);
insert into Employee (id, first_name, last_name, title, department,  email, country, city, location) values (687, 'Trevar', 'Mackin', 'Developer', 2, 'Trevar.Mackin@BuzzwordSolutions.com', 'South Africa', 'Johnannesburg', 4);
insert into Employee (id, first_name, last_name, title, department,  email, country, city, location) values (688, 'Todd', 'Pavlenko', 'Developer', 2, 'Todd.Pavlenko@BuzzwordSolutions.com', 'Germany', 'Berlin', 5);
insert into Employee (id, first_name, last_name, title, department,  email, country, city, location) values (689, 'Ricca', 'Garham', 'Developer', 2, 'Ricca.Garham@BuzzwordSolutions.com', 'Brazil', 'São Paulo', 2);
insert into Employee (id, first_name, last_name, title, department,  email, country, city, location) values (690, 'Beryle', 'Ferrarese', 'Developer', 2, 'Beryle.Ferrarese@BuzzwordSolutions.com', 'United States', 'Dallas', 3);
insert into Employee (id, first_name, last_name, title, department,  email, country, city, location) values (691, 'Pauly', 'McGowing', 'Developer', 2, 'Pauly.McGowing@BuzzwordSolutions.com', 'United States', 'Dallas', 3);
insert into Employee (id, first_name, last_name, title, department,  email, country, city, location) values (692, 'Katleen', 'Hatherley', 'Developer', 2, 'Katleen.Hatherley@BuzzwordSolutions.com', 'Brazil', 'São Paulo', 2);
insert into Employee (id, first_name, last_name, title, department,  email, country, city, location) values (693, 'Brendis', 'Moogan', 'Developer', 2, 'Brendis.Moogan@BuzzwordSolutions.com', 'Brazil', 'São Paulo', 2);
insert into Employee (id, first_name, last_name, title, department,  email, country, city, location) values (694, 'Nadean', 'Ebanks', 'Developer', 2, 'Nadean.Ebanks@BuzzwordSolutions.com', 'Japan', 'Tokyo', 1);
insert into Employee (id, first_name, last_name, title, department,  email, country, city, location) values (695, 'Aubree', 'Gamell', 'Sales Agent', 1, 'Aubree.Gamell@BuzzwordSolutions.com', 'Japan', 'Tokyo', 1);
insert into Employee (id, first_name, last_name, title, department,  email, country, city, location) values (696, 'Helaine', 'Shropsheir', 'Developer', 2, 'Helaine.Shropsheir@BuzzwordSolutions.com', 'Japan', 'Tokyo', 1);
insert into Employee (id, first_name, last_name, title, department,  email, country, city, location) values (697, 'Bonnee', 'Elphinstone', 'Developer', 2, 'Bonnee.Elphinstone@BuzzwordSolutions.com', 'Japan', 'Tokyo', 1);
insert into Employee (id, first_name, last_name, title, department,  email, country, city, location) values (698, 'Fax', 'Litzmann', 'Developer', 2, 'Fax.Litzmann@BuzzwordSolutions.com', 'Japan', 'Tokyo', 1);
insert into Employee (id, first_name, last_name, title, department,  email, country, city, location) values (699, 'Klarika', 'Oxley', 'Sales Agent', 1, 'Klarika.Oxley@BuzzwordSolutions.com', 'United States', 'Dallas', 3);
insert into Employee (id, first_name, last_name, title, department,  email, country, city, location) values (700, 'Eliza', 'Balma', 'Developer', 2, 'Eliza.Balma@BuzzwordSolutions.com', 'Brazil', 'São Paulo', 2);
insert into Employee (id, first_name, last_name, title, department,  email, country, city, location) values (701, 'Harlin', 'Connichie', 'Developer', 2, 'Harlin.Connichie@BuzzwordSolutions.com', 'United States', 'Dallas', 3);
insert into Employee (id, first_name, last_name, title, department,  email, country, city, location) values (702, 'Allissa', 'Tindley', 'Developer', 2, 'Allissa.Tindley@BuzzwordSolutions.com', 'United States', 'Dallas', 3);
insert into Employee (id, first_name, last_name, title, department,  email, country, city, location) values (703, 'Becca', 'Armatidge', 'Sales Agent', 1, 'Becca.Armatidge@BuzzwordSolutions.com', 'Brazil', 'São Paulo', 2);
insert into Employee (id, first_name, last_name, title, department,  email, country, city, location) values (704, 'Audrie', 'Crosskill', 'Developer', 2, 'Audrie.Crosskill@BuzzwordSolutions.com', 'Brazil', 'São Paulo', 2);
insert into Employee (id, first_name, last_name, title, department,  email, country, city, location) values (705, 'Helen-elizabeth', 'Trowle', 'Developer', 2, 'Helen-elizabeth.Trowle@BuzzwordSolutions.com', 'Brazil', 'São Paulo', 2);
insert into Employee (id, first_name, last_name, title, department,  email, country, city, location) values (706, 'Madella', 'Pardi', 'Developer', 2, 'Madella.Pardi@BuzzwordSolutions.com', 'Brazil', 'São Paulo', 2);
insert into Employee (id, first_name, last_name, title, department,  email, country, city, location) values (707, 'Dita', 'Martinovic', 'Developer', 2, 'Dita.Martinovic@BuzzwordSolutions.com', 'Brazil', 'São Paulo', 2);
insert into Employee (id, first_name, last_name, title, department,  email, country, city, location) values (708, 'Erasmus', 'Warratt', 'Developer', 2, 'Erasmus.Warratt@BuzzwordSolutions.com', 'Brazil', 'São Paulo', 2);
insert into Employee (id, first_name, last_name, title, department,  email, country, city, location) values (709, 'Farrell', 'Elwill', 'Developer', 2, 'Farrell.Elwill@BuzzwordSolutions.com', 'Brazil', 'São Paulo', 2);
insert into Employee (id, first_name, last_name, title, department,  email, country, city, location) values (710, 'Newton', 'Weekes', 'Sales Agent', 1, 'Newton.Weekes@BuzzwordSolutions.com', 'Brazil', 'São Paulo', 2);
insert into Employee (id, first_name, last_name, title, department,  email, country, city, location) values (711, 'Eimile', 'Handscomb', 'Sales Agent', 1, 'Eimile.Handscomb@BuzzwordSolutions.com', 'United States', 'Dallas', 3);
insert into Employee (id, first_name, last_name, title, department,  email, country, city, location) values (712, 'Benedetta', 'Budgeon', 'Developer', 2, 'Benedetta.Budgeon@BuzzwordSolutions.com', 'Brazil', 'São Paulo', 2);
insert into Employee (id, first_name, last_name, title, department,  email, country, city, location) values (713, 'Ibby', 'Sogg', 'Sales Agent', 1, 'Ibby.Sogg@BuzzwordSolutions.com', 'Brazil', 'São Paulo', 2);
insert into Employee (id, first_name, last_name, title, department,  email, country, city, location) values (714, 'Jeanine', 'Yeulet', 'Developer', 2, 'Jeanine.Yeulet@BuzzwordSolutions.com', 'United States', 'Dallas', 3);
insert into Employee (id, first_name, last_name, title, department,  email, country, city, location) values (715, 'Julie', 'Washtell', 'Sales Agent', 1, 'Julie.Washtell@BuzzwordSolutions.com', 'Brazil', 'São Paulo', 2);
insert into Employee (id, first_name, last_name, title, department,  email, country, city, location) values (716, 'Pauletta', 'Pagram', 'Developer', 2, 'Pauletta.Pagram@BuzzwordSolutions.com', 'United States', 'Dallas', 3);
insert into Employee (id, first_name, last_name, title, department,  email, country, city, location) values (717, 'Herve', 'Lamont', 'Sales Agent', 1, 'Herve.Lamont@BuzzwordSolutions.com', 'Germany', 'Berlin', 5);
insert into Employee (id, first_name, last_name, title, department,  email, country, city, location) values (718, 'Laurice', 'Diemer', 'Developer', 2, 'Laurice.Diemer@BuzzwordSolutions.com', 'Brazil', 'São Paulo', 2);
insert into Employee (id, first_name, last_name, title, department,  email, country, city, location) values (719, 'Marysa', 'Eastabrook', 'Developer', 2, 'Marysa.Eastabrook@BuzzwordSolutions.com', 'Brazil', 'São Paulo', 2);
insert into Employee (id, first_name, last_name, title, department,  email, country, city, location) values (720, 'Frazier', 'Morican', 'Developer', 2, 'Frazier.Morican@BuzzwordSolutions.com', 'Brazil', 'São Paulo', 2);
insert into Employee (id, first_name, last_name, title, department,  email, country, city, location) values (721, 'Harrietta', 'Pettecrew', 'Developer', 2, 'Harrietta.Pettecrew@BuzzwordSolutions.com', 'Japan', 'Tokyo', 1);
insert into Employee (id, first_name, last_name, title, department,  email, country, city, location) values (722, 'Reta', 'Chelley', 'Sales Agent', 1, 'Reta.Chelley@BuzzwordSolutions.com', 'United States', 'Dallas', 3);
insert into Employee (id, first_name, last_name, title, department,  email, country, city, location) values (723, 'Karlen', 'Boyton', 'Sales Agent', 1, 'Karlen.Boyton@BuzzwordSolutions.com', 'Japan', 'Tokyo', 1);
insert into Employee (id, first_name, last_name, title, department,  email, country, city, location) values (724, 'Conroy', 'Cornock', 'Sales Agent', 1, 'Conroy.Cornock@BuzzwordSolutions.com', 'Brazil', 'São Paulo', 2);
insert into Employee (id, first_name, last_name, title, department,  email, country, city, location) values (725, 'Fernande', 'Lafford', 'Sales Agent', 1, 'Fernande.Lafford@BuzzwordSolutions.com', 'Brazil', 'São Paulo', 2);
insert into Employee (id, first_name, last_name, title, department,  email, country, city, location) values (726, 'Roderigo', 'Barnard', 'Sales Agent', 1, 'Roderigo.Barnard@BuzzwordSolutions.com', 'Brazil', 'São Paulo', 2);
insert into Employee (id, first_name, last_name, title, department,  email, country, city, location) values (727, 'Rinaldo', 'Fairlie', 'Sales Agent', 1, 'Rinaldo.Fairlie@BuzzwordSolutions.com', 'Japan', 'Tokyo', 1);
insert into Employee (id, first_name, last_name, title, department,  email, country, city, location) values (728, 'Abigael', 'Rishworth', 'Developer', 2, 'Abigael.Rishworth@BuzzwordSolutions.com', 'Brazil', 'São Paulo', 2);
insert into Employee (id, first_name, last_name, title, department,  email, country, city, location) values (729, 'Hardy', 'Robuchon', 'Developer', 2, 'Hardy.Robuchon@BuzzwordSolutions.com', 'Brazil', 'São Paulo', 2);
insert into Employee (id, first_name, last_name, title, department,  email, country, city, location) values (730, 'Mark', 'D''Antonio', 'Developer', 2, 'Mark.D''Antonio@BuzzwordSolutions.com', 'Brazil', 'São Paulo', 2);
insert into Employee (id, first_name, last_name, title, department,  email, country, city, location) values (731, 'Andee', 'Fronks', 'Sales Agent', 1, 'Andee.Fronks@BuzzwordSolutions.com', 'Brazil', 'São Paulo', 2);
insert into Employee (id, first_name, last_name, title, department,  email, country, city, location) values (732, 'Lizette', 'Cannam', 'Sales Agent', 1, 'Lizette.Cannam@BuzzwordSolutions.com', 'Brazil', 'São Paulo', 2);
insert into Employee (id, first_name, last_name, title, department,  email, country, city, location) values (733, 'Arluene', 'Pering', 'Developer', 2, 'Arluene.Pering@BuzzwordSolutions.com', 'Brazil', 'São Paulo', 2);
insert into Employee (id, first_name, last_name, title, department,  email, country, city, location) values (734, 'Hy', 'Westfalen', 'Developer', 2, 'Hy.Westfalen@BuzzwordSolutions.com', 'United States', 'Dallas', 3);
insert into Employee (id, first_name, last_name, title, department,  email, country, city, location) values (735, 'Brose', 'Stanlock', 'Developer', 2, 'Brose.Stanlock@BuzzwordSolutions.com', 'Brazil', 'São Paulo', 2);
insert into Employee (id, first_name, last_name, title, department,  email, country, city, location) values (736, 'Wynn', 'Le Prevost', 'Developer', 2, 'Wynn.Le Prevost@BuzzwordSolutions.com', 'United States', 'Dallas', 3);
insert into Employee (id, first_name, last_name, title, department,  email, country, city, location) values (737, 'Paola', 'Klass', 'Developer', 2, 'Paola.Klass@BuzzwordSolutions.com', 'United States', 'Dallas', 3);
insert into Employee (id, first_name, last_name, title, department,  email, country, city, location) values (738, 'Lisle', 'Hopfner', 'Developer', 2, 'Lisle.Hopfner@BuzzwordSolutions.com', 'Brazil', 'São Paulo', 2);
insert into Employee (id, first_name, last_name, title, department,  email, country, city, location) values (739, 'Peta', 'MacNeil', 'Manager', 3, 'Peta.MacNeil@BuzzwordSolutions.com', 'Japan', 'Tokyo', 1);
insert into Employee (id, first_name, last_name, title, department,  email, country, city, location) values (740, 'Byram', 'McSorley', 'Developer', 2, 'Byram.McSorley@BuzzwordSolutions.com', 'Japan', 'Tokyo', 1);
insert into Employee (id, first_name, last_name, title, department,  email, country, city, location) values (741, 'Heida', 'Ratke', 'Manager', 1, 'Heida.Ratke@BuzzwordSolutions.com', 'South Africa', 'Johnannesburg', 4);
insert into Employee (id, first_name, last_name, title, department,  email, country, city, location) values (742, 'Carrie', 'Conti', 'Sales Agent', 1, 'Carrie.Conti@BuzzwordSolutions.com', 'United States', 'Dallas', 3);
insert into Employee (id, first_name, last_name, title, department,  email, country, city, location) values (743, 'Mireille', 'Casero', 'Developer', 2, 'Mireille.Casero@BuzzwordSolutions.com', 'United States', 'Dallas', 3);
insert into Employee (id, first_name, last_name, title, department,  email, country, city, location) values (744, 'Desmund', 'Davidy', 'Sales Agent', 1, 'Desmund.Davidy@BuzzwordSolutions.com', 'Brazil', 'São Paulo', 2);
insert into Employee (id, first_name, last_name, title, department,  email, country, city, location) values (745, 'Joe', 'Bahls', 'Sales Agent', 1, 'Joe.Bahls@BuzzwordSolutions.com', 'Japan', 'Tokyo', 1);
insert into Employee (id, first_name, last_name, title, department,  email, country, city, location) values (746, 'Mordy', 'Ausiello', 'Sales Agent', 1, 'Mordy.Ausiello@BuzzwordSolutions.com', 'United States', 'Dallas', 3);
insert into Employee (id, first_name, last_name, title, department,  email, country, city, location) values (747, 'Celestine', 'Farlambe', 'Developer', 2, 'Celestine.Farlambe@BuzzwordSolutions.com', 'South Africa', 'Johnannesburg', 4);
insert into Employee (id, first_name, last_name, title, department,  email, country, city, location) values (748, 'Laura', 'Matousek', 'Developer', 2, 'Laura.Matousek@BuzzwordSolutions.com', 'United States', 'Dallas', 3);
insert into Employee (id, first_name, last_name, title, department,  email, country, city, location) values (749, 'Rudolph', 'Nussey', 'Sales Agent', 1, 'Rudolph.Nussey@BuzzwordSolutions.com', 'Japan', 'Tokyo', 1);
insert into Employee (id, first_name, last_name, title, department,  email, country, city, location) values (750, 'Olav', 'Wennington', 'Developer', 2, 'Olav.Wennington@BuzzwordSolutions.com', 'Brazil', 'São Paulo', 2);
insert into Employee (id, first_name, last_name, title, department,  email, country, city, location) values (751, 'Flor', 'Daverin', 'Developer', 2, 'Flor.Daverin@BuzzwordSolutions.com', 'United States', 'Dallas', 3);
insert into Employee (id, first_name, last_name, title, department,  email, country, city, location) values (752, 'Beatriz', 'Broadstock', 'Sales Agent', 1, 'Beatriz.Broadstock@BuzzwordSolutions.com', 'South Africa', 'Johnannesburg', 4);
insert into Employee (id, first_name, last_name, title, department,  email, country, city, location) values (753, 'Colan', 'Arnaut', 'Sales Agent', 1, 'Colan.Arnaut@BuzzwordSolutions.com', 'Brazil', 'São Paulo', 2);
insert into Employee (id, first_name, last_name, title, department,  email, country, city, location) values (754, 'Selena', 'Nairne', 'Sales Agent', 1, 'Selena.Nairne@BuzzwordSolutions.com', 'Brazil', 'São Paulo', 2);
insert into Employee (id, first_name, last_name, title, department,  email, country, city, location) values (755, 'Spike', 'Eakins', 'Developer', 2, 'Spike.Eakins@BuzzwordSolutions.com', 'Brazil', 'São Paulo', 2);
insert into Employee (id, first_name, last_name, title, department,  email, country, city, location) values (756, 'Kacey', 'Zimek', 'Developer', 2, 'Kacey.Zimek@BuzzwordSolutions.com', 'Brazil', 'São Paulo', 2);
insert into Employee (id, first_name, last_name, title, department,  email, country, city, location) values (757, 'Hymie', 'Mannooch', 'Developer', 2, 'Hymie.Mannooch@BuzzwordSolutions.com', 'United States', 'Dallas', 3);
insert into Employee (id, first_name, last_name, title, department,  email, country, city, location) values (758, 'Cullie', 'Vaughn', 'Developer', 2, 'Cullie.Vaughn@BuzzwordSolutions.com', 'Brazil', 'São Paulo', 2);
insert into Employee (id, first_name, last_name, title, department,  email, country, city, location) values (759, 'Boigie', 'Stripling', 'Sales Agent', 1, 'Boigie.Stripling@BuzzwordSolutions.com', 'South Africa', 'Johnannesburg', 4);
insert into Employee (id, first_name, last_name, title, department,  email, country, city, location) values (760, 'Celeste', 'Mealiffe', 'Developer', 2, 'Celeste.Mealiffe@BuzzwordSolutions.com', 'Brazil', 'São Paulo', 2);
insert into Employee (id, first_name, last_name, title, department,  email, country, city, location) values (761, 'Marisa', 'Hallworth', 'Developer', 2, 'Marisa.Hallworth@BuzzwordSolutions.com', 'United States', 'Dallas', 3);
insert into Employee (id, first_name, last_name, title, department,  email, country, city, location) values (762, 'Betti', 'Rockingham', 'Developer', 2, 'Betti.Rockingham@BuzzwordSolutions.com', 'Germany', 'Berlin', 5);
insert into Employee (id, first_name, last_name, title, department,  email, country, city, location) values (763, 'Floris', 'Talton', 'Developer', 2, 'Floris.Talton@BuzzwordSolutions.com', 'United States', 'Dallas', 3);
insert into Employee (id, first_name, last_name, title, department,  email, country, city, location) values (764, 'Renae', 'Lingard', 'Sales Agent', 1, 'Renae.Lingard@BuzzwordSolutions.com', 'Brazil', 'São Paulo', 2);
insert into Employee (id, first_name, last_name, title, department,  email, country, city, location) values (765, 'Archy', 'Alenin', 'Developer', 2, 'Archy.Alenin@BuzzwordSolutions.com', 'Japan', 'Tokyo', 1);
insert into Employee (id, first_name, last_name, title, department,  email, country, city, location) values (766, 'Webster', 'McUre', 'Sales Agent', 1, 'Webster.McUre@BuzzwordSolutions.com', 'Brazil', 'São Paulo', 2);
insert into Employee (id, first_name, last_name, title, department,  email, country, city, location) values (767, 'Ursa', 'Fabri', 'Developer', 2, 'Ursa.Fabri@BuzzwordSolutions.com', 'United States', 'Dallas', 3);
insert into Employee (id, first_name, last_name, title, department,  email, country, city, location) values (768, 'Keelby', 'Iuorio', 'Developer', 2, 'Keelby.Iuorio@BuzzwordSolutions.com', 'Brazil', 'São Paulo', 2);
insert into Employee (id, first_name, last_name, title, department,  email, country, city, location) values (769, 'Michail', 'Rohan', 'Sales Agent', 1, 'Michail.Rohan@BuzzwordSolutions.com', 'Brazil', 'São Paulo', 2);
insert into Employee (id, first_name, last_name, title, department,  email, country, city, location) values (770, 'Gabriella', 'Thaxton', 'Developer', 2, 'Gabriella.Thaxton@BuzzwordSolutions.com', 'Germany', 'Berlin', 5);
insert into Employee (id, first_name, last_name, title, department,  email, country, city, location) values (771, 'Brooks', 'Bambrick', 'Sales Agent', 1, 'Brooks.Bambrick@BuzzwordSolutions.com', 'Japan', 'Tokyo', 1);
insert into Employee (id, first_name, last_name, title, department,  email, country, city, location) values (772, 'Krissie', 'McNeillie', 'Developer', 2, 'Krissie.McNeillie@BuzzwordSolutions.com', 'United States', 'Dallas', 3);
insert into Employee (id, first_name, last_name, title, department,  email, country, city, location) values (773, 'Ashby', 'Corrado', 'Developer', 2, 'Ashby.Corrado@BuzzwordSolutions.com', 'Brazil', 'São Paulo', 2);
insert into Employee (id, first_name, last_name, title, department,  email, country, city, location) values (774, 'Myrilla', 'Henden', 'Developer', 2, 'Myrilla.Henden@BuzzwordSolutions.com', 'Brazil', 'São Paulo', 2);
insert into Employee (id, first_name, last_name, title, department,  email, country, city, location) values (775, 'Melosa', 'Aspital', 'Developer', 2, 'Melosa.Aspital@BuzzwordSolutions.com', 'Japan', 'Tokyo', 1);
insert into Employee (id, first_name, last_name, title, department,  email, country, city, location) values (776, 'Charlene', 'Taunton.', 'Developer', 2, 'Charlene.Taunton.@BuzzwordSolutions.com', 'United States', 'Dallas', 3);
insert into Employee (id, first_name, last_name, title, department,  email, country, city, location) values (777, 'Quill', 'Terrell', 'Developer', 2, 'Quill.Terrell@BuzzwordSolutions.com', 'Brazil', 'São Paulo', 2);
insert into Employee (id, first_name, last_name, title, department,  email, country, city, location) values (778, 'Suzi', 'Iacoboni', 'Developer', 2, 'Suzi.Iacoboni@BuzzwordSolutions.com', 'United States', 'Dallas', 3);
insert into Employee (id, first_name, last_name, title, department,  email, country, city, location) values (779, 'Tobe', 'Meindl', 'Developer', 2, 'Tobe.Meindl@BuzzwordSolutions.com', 'Japan', 'Tokyo', 1);
insert into Employee (id, first_name, last_name, title, department,  email, country, city, location) values (780, 'Chev', 'Dabels', 'Sales Agent', 1, 'Chev.Dabels@BuzzwordSolutions.com', 'Brazil', 'São Paulo', 2);
insert into Employee (id, first_name, last_name, title, department,  email, country, city, location) values (781, 'Bryanty', 'Jackes', 'Developer', 2, 'Bryanty.Jackes@BuzzwordSolutions.com', 'Brazil', 'São Paulo', 2);
insert into Employee (id, first_name, last_name, title, department,  email, country, city, location) values (782, 'Rayna', 'Eakin', 'Developer', 2, 'Rayna.Eakin@BuzzwordSolutions.com', 'Brazil', 'São Paulo', 2);
insert into Employee (id, first_name, last_name, title, department,  email, country, city, location) values (783, 'Trudey', 'Di Maggio', 'Developer', 2, 'Trudey.Di Maggio@BuzzwordSolutions.com', 'Brazil', 'São Paulo', 2);
insert into Employee (id, first_name, last_name, title, department,  email, country, city, location) values (784, 'Elianore', 'Bagehot', 'Developer', 2, 'Elianore.Bagehot@BuzzwordSolutions.com', 'Germany', 'Berlin', 5);
insert into Employee (id, first_name, last_name, title, department,  email, country, city, location) values (785, 'Eveleen', 'Geillier', 'Developer', 2, 'Eveleen.Geillier@BuzzwordSolutions.com', 'United States', 'Dallas', 3);
insert into Employee (id, first_name, last_name, title, department,  email, country, city, location) values (786, 'Hortensia', 'Nan Carrow', 'Sales Agent', 1, 'Hortensia.Nan Carrow@BuzzwordSolutions.com', 'United States', 'Dallas', 3);
insert into Employee (id, first_name, last_name, title, department,  email, country, city, location) values (787, 'Melany', 'Santry', 'Sales Agent', 1, 'Melany.Santry@BuzzwordSolutions.com', 'Brazil', 'São Paulo', 2);
insert into Employee (id, first_name, last_name, title, department,  email, country, city, location) values (788, 'Fanya', 'Stonard', 'Developer', 2, 'Fanya.Stonard@BuzzwordSolutions.com', 'Brazil', 'São Paulo', 2);
insert into Employee (id, first_name, last_name, title, department,  email, country, city, location) values (789, 'Porter', 'Ducker', 'Developer', 2, 'Porter.Ducker@BuzzwordSolutions.com', 'Brazil', 'São Paulo', 2);
insert into Employee (id, first_name, last_name, title, department,  email, country, city, location) values (790, 'Gerry', 'Mertel', 'Sales Agent', 1, 'Gerry.Mertel@BuzzwordSolutions.com', 'South Africa', 'Johnannesburg', 4);
insert into Employee (id, first_name, last_name, title, department,  email, country, city, location) values (791, 'Lorianna', 'Gaudin', 'Sales Agent', 1, 'Lorianna.Gaudin@BuzzwordSolutions.com', 'United States', 'Dallas', 3);
insert into Employee (id, first_name, last_name, title, department,  email, country, city, location) values (792, 'Thia', 'Atterley', 'Developer', 2, 'Thia.Atterley@BuzzwordSolutions.com', 'Brazil', 'São Paulo', 2);
insert into Employee (id, first_name, last_name, title, department,  email, country, city, location) values (793, 'Frasier', 'Waltering', 'Developer', 2, 'Frasier.Waltering@BuzzwordSolutions.com', 'Brazil', 'São Paulo', 2);
insert into Employee (id, first_name, last_name, title, department,  email, country, city, location) values (794, 'Wally', 'Penella', 'Developer', 2, 'Wally.Penella@BuzzwordSolutions.com', 'Brazil', 'São Paulo', 2);
insert into Employee (id, first_name, last_name, title, department,  email, country, city, location) values (795, 'Jerrylee', 'Brushneen', 'Developer', 2, 'Jerrylee.Brushneen@BuzzwordSolutions.com', 'Japan', 'Tokyo', 1);
insert into Employee (id, first_name, last_name, title, department,  email, country, city, location) values (796, 'Chico', 'Thornton-Dewhirst', 'Sales Agent', 1, 'Chico.Thornton-Dewhirst@BuzzwordSolutions.com', 'Japan', 'Tokyo', 1);
insert into Employee (id, first_name, last_name, title, department,  email, country, city, location) values (797, 'Perceval', 'Girdler', 'Developer', 2, 'Perceval.Girdler@BuzzwordSolutions.com', 'Japan', 'Tokyo', 1);
insert into Employee (id, first_name, last_name, title, department,  email, country, city, location) values (798, 'Trisha', 'Terzo', 'Developer', 2, 'Trisha.Terzo@BuzzwordSolutions.com', 'Brazil', 'São Paulo', 2);
insert into Employee (id, first_name, last_name, title, department,  email, country, city, location) values (799, 'Jamie', 'Hinks', 'Developer', 2, 'Jamie.Hinks@BuzzwordSolutions.com', 'United States', 'Dallas', 3);
insert into Employee (id, first_name, last_name, title, department,  email, country, city, location) values (800, 'Lindon', 'Freeberne', 'Developer', 2, 'Lindon.Freeberne@BuzzwordSolutions.com', 'Japan', 'Tokyo', 1);
insert into Employee (id, first_name, last_name, title, department,  email, country, city, location) values (801, 'Anders', 'Emmerson', 'Developer', 2, 'Anders.Emmerson@BuzzwordSolutions.com', 'Brazil', 'São Paulo', 2);
insert into Employee (id, first_name, last_name, title, department,  email, country, city, location) values (802, 'Estrellita', 'Foulsham', 'Developer', 2, 'Estrellita.Foulsham@BuzzwordSolutions.com', 'South Africa', 'Johnannesburg', 4);
insert into Employee (id, first_name, last_name, title, department,  email, country, city, location) values (803, 'Mellie', 'Strongitharm', 'Developer', 2, 'Mellie.Strongitharm@BuzzwordSolutions.com', 'South Africa', 'Johnannesburg', 4);
insert into Employee (id, first_name, last_name, title, department,  email, country, city, location) values (804, 'Leonhard', 'M''cowis', 'Developer', 2, 'Leonhard.M''cowis@BuzzwordSolutions.com', 'Japan', 'Tokyo', 1);
insert into Employee (id, first_name, last_name, title, department,  email, country, city, location) values (805, 'Bertie', 'Prayer', 'Sales Agent', 1, 'Bertie.Prayer@BuzzwordSolutions.com', 'Brazil', 'São Paulo', 2);
insert into Employee (id, first_name, last_name, title, department,  email, country, city, location) values (806, 'Arabella', 'Crockford', 'Developer', 2, 'Arabella.Crockford@BuzzwordSolutions.com', 'Japan', 'Tokyo', 1);
insert into Employee (id, first_name, last_name, title, department,  email, country, city, location) values (807, 'Oran', 'Lancley', 'Manager', 2, 'Oran.Lancley@BuzzwordSolutions.com', 'Brazil', 'São Paulo', 2);
insert into Employee (id, first_name, last_name, title, department,  email, country, city, location) values (808, 'Britt', 'Rubinovitch', 'Developer', 2, 'Britt.Rubinovitch@BuzzwordSolutions.com', 'United States', 'Dallas', 3);
insert into Employee (id, first_name, last_name, title, department,  email, country, city, location) values (809, 'Dian', 'Seiffert', 'Developer', 2, 'Dian.Seiffert@BuzzwordSolutions.com', 'South Africa', 'Johnannesburg', 4);
insert into Employee (id, first_name, last_name, title, department,  email, country, city, location) values (810, 'Werner', 'Chesney', 'Developer', 2, 'Werner.Chesney@BuzzwordSolutions.com', 'United States', 'Dallas', 3);
insert into Employee (id, first_name, last_name, title, department,  email, country, city, location) values (811, 'Olympia', 'Klosges', 'Developer', 2, 'Olympia.Klosges@BuzzwordSolutions.com', 'United States', 'Dallas', 3);
insert into Employee (id, first_name, last_name, title, department,  email, country, city, location) values (812, 'Perceval', 'Caville', 'Developer', 2, 'Perceval.Caville@BuzzwordSolutions.com', 'Brazil', 'São Paulo', 2);
insert into Employee (id, first_name, last_name, title, department,  email, country, city, location) values (813, 'Flory', 'Kennifeck', 'Developer', 2, 'Flory.Kennifeck@BuzzwordSolutions.com', 'Brazil', 'São Paulo', 2);
insert into Employee (id, first_name, last_name, title, department,  email, country, city, location) values (814, 'Poppy', 'Gianiello', 'Developer', 2, 'Poppy.Gianiello@BuzzwordSolutions.com', 'United States', 'Dallas', 3);
insert into Employee (id, first_name, last_name, title, department,  email, country, city, location) values (815, 'Jasen', 'Skellen', 'Developer', 2, 'Jasen.Skellen@BuzzwordSolutions.com', 'Japan', 'Tokyo', 1);
insert into Employee (id, first_name, last_name, title, department,  email, country, city, location) values (816, 'Tasia', 'Ayliffe', 'Developer', 2, 'Tasia.Ayliffe@BuzzwordSolutions.com', 'Brazil', 'São Paulo', 2);
insert into Employee (id, first_name, last_name, title, department,  email, country, city, location) values (817, 'Monte', 'Shedden', 'Developer', 2, 'Monte.Shedden@BuzzwordSolutions.com', 'Brazil', 'São Paulo', 2);
insert into Employee (id, first_name, last_name, title, department,  email, country, city, location) values (818, 'Manon', 'Winpenny', 'Developer', 2, 'Manon.Winpenny@BuzzwordSolutions.com', 'Brazil', 'São Paulo', 2);
insert into Employee (id, first_name, last_name, title, department,  email, country, city, location) values (819, 'Shalne', 'Newdick', 'Sales Agent', 1, 'Shalne.Newdick@BuzzwordSolutions.com', 'Japan', 'Tokyo', 1);
insert into Employee (id, first_name, last_name, title, department,  email, country, city, location) values (820, 'Leonelle', 'Cargen', 'Sales Agent', 1, 'Leonelle.Cargen@BuzzwordSolutions.com', 'Brazil', 'São Paulo', 2);
insert into Employee (id, first_name, last_name, title, department,  email, country, city, location) values (821, 'Karrah', 'Czadla', 'Developer', 2, 'Karrah.Czadla@BuzzwordSolutions.com', 'Japan', 'Tokyo', 1);
insert into Employee (id, first_name, last_name, title, department,  email, country, city, location) values (822, 'Donnamarie', 'Pellissier', 'Developer', 2, 'Donnamarie.Pellissier@BuzzwordSolutions.com', 'United States', 'Dallas', 3);
insert into Employee (id, first_name, last_name, title, department,  email, country, city, location) values (823, 'Ramon', 'Bewsey', 'Developer', 2, 'Ramon.Bewsey@BuzzwordSolutions.com', 'United States', 'Dallas', 3);
insert into Employee (id, first_name, last_name, title, department,  email, country, city, location) values (824, 'Meridel', 'Capnerhurst', 'Developer', 2, 'Meridel.Capnerhurst@BuzzwordSolutions.com', 'United States', 'Dallas', 3);
insert into Employee (id, first_name, last_name, title, department,  email, country, city, location) values (825, 'Wyatt', 'Satterlee', 'Developer', 2, 'Wyatt.Satterlee@BuzzwordSolutions.com', 'Japan', 'Tokyo', 1);
insert into Employee (id, first_name, last_name, title, department,  email, country, city, location) values (826, 'Cort', 'Ockendon', 'Developer', 2, 'Cort.Ockendon@BuzzwordSolutions.com', 'Japan', 'Tokyo', 1);
insert into Employee (id, first_name, last_name, title, department,  email, country, city, location) values (827, 'Celeste', 'Woodland', 'Developer', 2, 'Celeste.Woodland@BuzzwordSolutions.com', 'United States', 'Dallas', 3);
insert into Employee (id, first_name, last_name, title, department,  email, country, city, location) values (828, 'Katina', 'Alishoner', 'Sales Agent', 1, 'Katina.Alishoner@BuzzwordSolutions.com', 'Brazil', 'São Paulo', 2);
insert into Employee (id, first_name, last_name, title, department,  email, country, city, location) values (829, 'Allina', 'Himpson', 'Sales Agent', 1, 'Allina.Himpson@BuzzwordSolutions.com', 'United States', 'Dallas', 3);
insert into Employee (id, first_name, last_name, title, department,  email, country, city, location) values (830, 'Paulie', 'Alenichicov', 'Developer', 2, 'Paulie.Alenichicov@BuzzwordSolutions.com', 'South Africa', 'Johnannesburg', 4);
insert into Employee (id, first_name, last_name, title, department,  email, country, city, location) values (831, 'Faunie', 'Espada', 'Developer', 2, 'Faunie.Espada@BuzzwordSolutions.com', 'Japan', 'Tokyo', 1);
insert into Employee (id, first_name, last_name, title, department,  email, country, city, location) values (832, 'Lucille', 'Rimour', 'Developer', 2, 'Lucille.Rimour@BuzzwordSolutions.com', 'Japan', 'Tokyo', 1);
insert into Employee (id, first_name, last_name, title, department,  email, country, city, location) values (833, 'Gaile', 'Menego', 'Developer', 2, 'Gaile.Menego@BuzzwordSolutions.com', 'Brazil', 'São Paulo', 2);
insert into Employee (id, first_name, last_name, title, department,  email, country, city, location) values (834, 'Raimondo', 'Bartolomieu', 'Developer', 2, 'Raimondo.Bartolomieu@BuzzwordSolutions.com', 'Brazil', 'São Paulo', 2);
insert into Employee (id, first_name, last_name, title, department,  email, country, city, location) values (835, 'Millisent', 'Ithell', 'Developer', 2, 'Millisent.Ithell@BuzzwordSolutions.com', 'Brazil', 'São Paulo', 2);
insert into Employee (id, first_name, last_name, title, department,  email, country, city, location) values (836, 'Cosimo', 'Barta', 'Developer', 2, 'Cosimo.Barta@BuzzwordSolutions.com', 'United States', 'Dallas', 3);
insert into Employee (id, first_name, last_name, title, department,  email, country, city, location) values (837, 'Fonz', 'Londors', 'Sales Agent', 1, 'Fonz.Londors@BuzzwordSolutions.com', 'Japan', 'Tokyo', 1);
insert into Employee (id, first_name, last_name, title, department,  email, country, city, location) values (838, 'Craig', 'Shirt', 'Sales Agent', 1, 'Craig.Shirt@BuzzwordSolutions.com', 'Japan', 'Tokyo', 1);
insert into Employee (id, first_name, last_name, title, department,  email, country, city, location) values (839, 'Toby', 'Walmsley', 'Developer', 2, 'Toby.Walmsley@BuzzwordSolutions.com', 'United States', 'Dallas', 3);
insert into Employee (id, first_name, last_name, title, department,  email, country, city, location) values (840, 'Tessi', 'Knapp', 'Developer', 2, 'Tessi.Knapp@BuzzwordSolutions.com', 'Japan', 'Tokyo', 1);
insert into Employee (id, first_name, last_name, title, department,  email, country, city, location) values (841, 'Atlante', 'Mothersole', 'Developer', 2, 'Atlante.Mothersole@BuzzwordSolutions.com', 'Brazil', 'São Paulo', 2);
insert into Employee (id, first_name, last_name, title, department,  email, country, city, location) values (842, 'Nessie', 'Degoe', 'Developer', 2, 'Nessie.Degoe@BuzzwordSolutions.com', 'Japan', 'Tokyo', 1);
insert into Employee (id, first_name, last_name, title, department,  email, country, city, location) values (843, 'Leigha', 'Leibold', 'Developer', 2, 'Leigha.Leibold@BuzzwordSolutions.com', 'Japan', 'Tokyo', 1);
insert into Employee (id, first_name, last_name, title, department,  email, country, city, location) values (844, 'Luce', 'Gregol', 'Developer', 2, 'Luce.Gregol@BuzzwordSolutions.com', 'Brazil', 'São Paulo', 2);
insert into Employee (id, first_name, last_name, title, department,  email, country, city, location) values (845, 'Jarib', 'Riggulsford', 'Sales Agent', 1, 'Jarib.Riggulsford@BuzzwordSolutions.com', 'Japan', 'Tokyo', 1);
insert into Employee (id, first_name, last_name, title, department,  email, country, city, location) values (846, 'Esta', 'Mainz', 'Developer', 2, 'Esta.Mainz@BuzzwordSolutions.com', 'Brazil', 'São Paulo', 2);
insert into Employee (id, first_name, last_name, title, department,  email, country, city, location) values (847, 'Pauline', 'Brader', 'Developer', 2, 'Pauline.Brader@BuzzwordSolutions.com', 'United States', 'Dallas', 3);
insert into Employee (id, first_name, last_name, title, department,  email, country, city, location) values (848, 'Annmaria', 'Prazor', 'Developer', 2, 'Annmaria.Prazor@BuzzwordSolutions.com', 'Brazil', 'São Paulo', 2);
insert into Employee (id, first_name, last_name, title, department,  email, country, city, location) values (849, 'Walliw', 'Patience', 'Manager', 2, 'Walliw.Patience@BuzzwordSolutions.com', 'United States', 'Dallas', 3);
insert into Employee (id, first_name, last_name, title, department,  email, country, city, location) values (850, 'Nigel', 'Townby', 'Developer', 2, 'Nigel.Townby@BuzzwordSolutions.com', 'Japan', 'Tokyo', 1);
insert into Employee (id, first_name, last_name, title, department,  email, country, city, location) values (851, 'Jeane', 'Cadle', 'Sales Agent', 1, 'Jeane.Cadle@BuzzwordSolutions.com', 'South Africa', 'Johnannesburg', 4);
insert into Employee (id, first_name, last_name, title, department,  email, country, city, location) values (852, 'Minne', 'Tenaunt', 'Sales Agent', 1, 'Minne.Tenaunt@BuzzwordSolutions.com', 'Brazil', 'São Paulo', 2);
insert into Employee (id, first_name, last_name, title, department,  email, country, city, location) values (853, 'Leanora', 'Dewhirst', 'Developer', 2, 'Leanora.Dewhirst@BuzzwordSolutions.com', 'Japan', 'Tokyo', 1);
insert into Employee (id, first_name, last_name, title, department,  email, country, city, location) values (854, 'Arlette', 'Dorian', 'Sales Agent', 1, 'Arlette.Dorian@BuzzwordSolutions.com', 'United States', 'Dallas', 3);
insert into Employee (id, first_name, last_name, title, department,  email, country, city, location) values (855, 'Magdalene', 'Ferron', 'Sales Agent', 1, 'Magdalene.Ferron@BuzzwordSolutions.com', 'United States', 'Dallas', 3);
insert into Employee (id, first_name, last_name, title, department,  email, country, city, location) values (856, 'Ermina', 'Wiley', 'Developer', 2, 'Ermina.Wiley@BuzzwordSolutions.com', 'United States', 'Dallas', 3);
insert into Employee (id, first_name, last_name, title, department,  email, country, city, location) values (857, 'Denver', 'Scimoni', 'Developer', 2, 'Denver.Scimoni@BuzzwordSolutions.com', 'Brazil', 'São Paulo', 2);
insert into Employee (id, first_name, last_name, title, department,  email, country, city, location) values (858, 'Francene', 'Whitmarsh', 'Sales Agent', 1, 'Francene.Whitmarsh@BuzzwordSolutions.com', 'Germany', 'Berlin', 5);
insert into Employee (id, first_name, last_name, title, department,  email, country, city, location) values (859, 'Clayson', 'Angeli', 'Developer', 2, 'Clayson.Angeli@BuzzwordSolutions.com', 'Brazil', 'São Paulo', 2);
insert into Employee (id, first_name, last_name, title, department,  email, country, city, location) values (860, 'Ruby', 'MacCole', 'Developer', 2, 'Ruby.MacCole@BuzzwordSolutions.com', 'Germany', 'Berlin', 5);
insert into Employee (id, first_name, last_name, title, department,  email, country, city, location) values (861, 'Andriana', 'Elcoate', 'Sales Agent', 1, 'Andriana.Elcoate@BuzzwordSolutions.com', 'Brazil', 'São Paulo', 2);
insert into Employee (id, first_name, last_name, title, department,  email, country, city, location) values (862, 'Lani', 'Manthroppe', 'Developer', 2, 'Lani.Manthroppe@BuzzwordSolutions.com', 'Brazil', 'São Paulo', 2);
insert into Employee (id, first_name, last_name, title, department,  email, country, city, location) values (863, 'Nappie', 'Librey', 'Developer', 2, 'Nappie.Librey@BuzzwordSolutions.com', 'Japan', 'Tokyo', 1);
insert into Employee (id, first_name, last_name, title, department,  email, country, city, location) values (864, 'Flori', 'Ruler', 'Developer', 2, 'Flori.Ruler@BuzzwordSolutions.com', 'South Africa', 'Johnannesburg', 4);
insert into Employee (id, first_name, last_name, title, department,  email, country, city, location) values (865, 'Grethel', 'McBeith', 'Developer', 2, 'Grethel.McBeith@BuzzwordSolutions.com', 'Brazil', 'São Paulo', 2);
insert into Employee (id, first_name, last_name, title, department,  email, country, city, location) values (866, 'Torie', 'Hamshar', 'Sales Agent', 1, 'Torie.Hamshar@BuzzwordSolutions.com', 'Japan', 'Tokyo', 1);
insert into Employee (id, first_name, last_name, title, department,  email, country, city, location) values (867, 'Bathsheba', 'Arderne', 'Developer', 2, 'Bathsheba.Arderne@BuzzwordSolutions.com', 'Japan', 'Tokyo', 1);
insert into Employee (id, first_name, last_name, title, department,  email, country, city, location) values (868, 'Carmon', 'Tomovic', 'Developer', 2, 'Carmon.Tomovic@BuzzwordSolutions.com', 'Japan', 'Tokyo', 1);
insert into Employee (id, first_name, last_name, title, department,  email, country, city, location) values (869, 'Hammad', 'Haldenby', 'Sales Agent', 1, 'Hammad.Haldenby@BuzzwordSolutions.com', 'Brazil', 'São Paulo', 2);
insert into Employee (id, first_name, last_name, title, department,  email, country, city, location) values (870, 'Raynard', 'Maric', 'Developer', 2, 'Raynard.Maric@BuzzwordSolutions.com', 'Brazil', 'São Paulo', 2);
insert into Employee (id, first_name, last_name, title, department,  email, country, city, location) values (871, 'Frederica', 'Caghan', 'Developer', 2, 'Frederica.Caghan@BuzzwordSolutions.com', 'Japan', 'Tokyo', 1);
insert into Employee (id, first_name, last_name, title, department,  email, country, city, location) values (872, 'Reuben', 'Bolden', 'Developer', 2, 'Reuben.Bolden@BuzzwordSolutions.com', 'United States', 'Dallas', 3);
insert into Employee (id, first_name, last_name, title, department,  email, country, city, location) values (873, 'Steffen', 'Barhims', 'Sales Agent', 1, 'Steffen.Barhims@BuzzwordSolutions.com', 'Brazil', 'São Paulo', 2);
insert into Employee (id, first_name, last_name, title, department,  email, country, city, location) values (874, 'Fletch', 'Romera', 'Developer', 2, 'Fletch.Romera@BuzzwordSolutions.com', 'Brazil', 'São Paulo', 2);
insert into Employee (id, first_name, last_name, title, department,  email, country, city, location) values (875, 'Johnathan', 'Woolaston', 'Sales Agent', 1, 'Johnathan.Woolaston@BuzzwordSolutions.com', 'Brazil', 'São Paulo', 2);
insert into Employee (id, first_name, last_name, title, department,  email, country, city, location) values (876, 'Winny', 'Easlea', 'Sales Agent', 1, 'Winny.Easlea@BuzzwordSolutions.com', 'Brazil', 'São Paulo', 2);
insert into Employee (id, first_name, last_name, title, department,  email, country, city, location) values (877, 'Mohandis', 'Veighey', 'Developer', 2, 'Mohandis.Veighey@BuzzwordSolutions.com', 'South Africa', 'Johnannesburg', 4);
insert into Employee (id, first_name, last_name, title, department,  email, country, city, location) values (878, 'Hettie', 'Pether', 'Developer', 2, 'Hettie.Pether@BuzzwordSolutions.com', 'United States', 'Dallas', 3);
insert into Employee (id, first_name, last_name, title, department,  email, country, city, location) values (879, 'Vanessa', 'Saull', 'Developer', 2, 'Vanessa.Saull@BuzzwordSolutions.com', 'Japan', 'Tokyo', 1);
insert into Employee (id, first_name, last_name, title, department,  email, country, city, location) values (880, 'Chandra', 'Bezzant', 'Sales Agent', 1, 'Chandra.Bezzant@BuzzwordSolutions.com', 'Brazil', 'São Paulo', 2);
insert into Employee (id, first_name, last_name, title, department,  email, country, city, location) values (881, 'Felisha', 'Dews', 'Developer', 2, 'Felisha.Dews@BuzzwordSolutions.com', 'Japan', 'Tokyo', 1);
insert into Employee (id, first_name, last_name, title, department,  email, country, city, location) values (882, 'Dud', 'Laurent', 'Developer', 2, 'Dud.Laurent@BuzzwordSolutions.com', 'Japan', 'Tokyo', 1);
insert into Employee (id, first_name, last_name, title, department,  email, country, city, location) values (883, 'Rubetta', 'Locker', 'Sales Agent', 1, 'Rubetta.Locker@BuzzwordSolutions.com', 'South Africa', 'Johnannesburg', 4);
insert into Employee (id, first_name, last_name, title, department,  email, country, city, location) values (884, 'Iain', 'Daniellot', 'Developer', 2, 'Iain.Daniellot@BuzzwordSolutions.com', 'South Africa', 'Johnannesburg', 4);
insert into Employee (id, first_name, last_name, title, department,  email, country, city, location) values (885, 'Anna', 'Spur', 'Developer', 2, 'Anna.Spur@BuzzwordSolutions.com', 'Japan', 'Tokyo', 1);
insert into Employee (id, first_name, last_name, title, department,  email, country, city, location) values (886, 'Benedick', 'Seeger', 'Sales Agent', 1, 'Benedick.Seeger@BuzzwordSolutions.com', 'United States', 'Dallas', 3);
insert into Employee (id, first_name, last_name, title, department,  email, country, city, location) values (887, 'Sandye', 'Escolme', 'Developer', 2, 'Sandye.Escolme@BuzzwordSolutions.com', 'Brazil', 'São Paulo', 2);
insert into Employee (id, first_name, last_name, title, department,  email, country, city, location) values (888, 'Lydie', 'Tynan', 'Developer', 2, 'Lydie.Tynan@BuzzwordSolutions.com', 'Brazil', 'São Paulo', 2);
insert into Employee (id, first_name, last_name, title, department,  email, country, city, location) values (889, 'Christiano', 'Pitrelli', 'Developer', 2, 'Christiano.Pitrelli@BuzzwordSolutions.com', 'Brazil', 'São Paulo', 2);
insert into Employee (id, first_name, last_name, title, department,  email, country, city, location) values (890, 'Dew', 'Sharer', 'Developer', 2, 'Dew.Sharer@BuzzwordSolutions.com', 'Germany', 'Berlin', 5);
insert into Employee (id, first_name, last_name, title, department,  email, country, city, location) values (891, 'Tildy', 'Ducker', 'Sales Agent', 1, 'Tildy.Ducker@BuzzwordSolutions.com', 'Japan', 'Tokyo', 1);
insert into Employee (id, first_name, last_name, title, department,  email, country, city, location) values (892, 'Malena', 'McVittie', 'Developer', 2, 'Malena.McVittie@BuzzwordSolutions.com', 'Japan', 'Tokyo', 1);
insert into Employee (id, first_name, last_name, title, department,  email, country, city, location) values (893, 'Renaldo', 'Rome', 'Developer', 2, 'Renaldo.Rome@BuzzwordSolutions.com', 'Germany', 'Berlin', 5);
insert into Employee (id, first_name, last_name, title, department,  email, country, city, location) values (894, 'Kippie', 'Rockwill', 'Developer', 2, 'Kippie.Rockwill@BuzzwordSolutions.com', 'Japan', 'Tokyo', 1);
insert into Employee (id, first_name, last_name, title, department,  email, country, city, location) values (895, 'Abbe', 'Dorricott', 'Developer', 2, 'Abbe.Dorricott@BuzzwordSolutions.com', 'Brazil', 'São Paulo', 2);
insert into Employee (id, first_name, last_name, title, department,  email, country, city, location) values (896, 'Daron', 'Fitzharris', 'Developer', 2, 'Daron.Fitzharris@BuzzwordSolutions.com', 'South Africa', 'Johnannesburg', 4);
insert into Employee (id, first_name, last_name, title, department,  email, country, city, location) values (897, 'Lowell', 'Tinghill', 'Sales Agent', 1, 'Lowell.Tinghill@BuzzwordSolutions.com', 'Brazil', 'São Paulo', 2);
insert into Employee (id, first_name, last_name, title, department,  email, country, city, location) values (898, 'Vern', 'Currer', 'Sales Agent', 1, 'Vern.Currer@BuzzwordSolutions.com', 'Brazil', 'São Paulo', 2);
insert into Employee (id, first_name, last_name, title, department,  email, country, city, location) values (899, 'Natale', 'Jahnisch', 'Sales Agent', 1, 'Natale.Jahnisch@BuzzwordSolutions.com', 'Brazil', 'São Paulo', 2);
insert into Employee (id, first_name, last_name, title, department,  email, country, city, location) values (900, 'Jimmy', 'Holywell', 'Developer', 2, 'Jimmy.Holywell@BuzzwordSolutions.com', 'Brazil', 'São Paulo', 2);
insert into Employee (id, first_name, last_name, title, department,  email, country, city, location) values (901, 'Joseph', 'Oleshunin', 'Sales Agent', 1, 'Joseph.Oleshunin@BuzzwordSolutions.com', 'United States', 'Dallas', 3);
insert into Employee (id, first_name, last_name, title, department,  email, country, city, location) values (902, 'Ina', 'Frosch', 'Sales Agent', 1, 'Ina.Frosch@BuzzwordSolutions.com', 'South Africa', 'Johnannesburg', 4);
insert into Employee (id, first_name, last_name, title, department,  email, country, city, location) values (903, 'Elvin', 'Janzen', 'Sales Agent', 1, 'Elvin.Janzen@BuzzwordSolutions.com', 'Brazil', 'São Paulo', 2);
insert into Employee (id, first_name, last_name, title, department,  email, country, city, location) values (904, 'Jim', 'Emmanueli', 'Developer', 2, 'Jim.Emmanueli@BuzzwordSolutions.com', 'Japan', 'Tokyo', 1);
insert into Employee (id, first_name, last_name, title, department,  email, country, city, location) values (905, 'Carine', 'Beel', 'Developer', 2, 'Carine.Beel@BuzzwordSolutions.com', 'Brazil', 'São Paulo', 2);
insert into Employee (id, first_name, last_name, title, department,  email, country, city, location) values (906, 'Garret', 'Kyme', 'Sales Agent', 1, 'Garret.Kyme@BuzzwordSolutions.com', 'Germany', 'Berlin', 5);
insert into Employee (id, first_name, last_name, title, department,  email, country, city, location) values (907, 'Thain', 'Avramchik', 'Developer', 2, 'Thain.Avramchik@BuzzwordSolutions.com', 'United States', 'Dallas', 3);
insert into Employee (id, first_name, last_name, title, department,  email, country, city, location) values (908, 'Kendricks', 'O''Roan', 'Sales Agent', 1, 'Kendricks.O''Roan@BuzzwordSolutions.com', 'South Africa', 'Johnannesburg', 4);
insert into Employee (id, first_name, last_name, title, department,  email, country, city, location) values (909, 'Antonina', 'Britten', 'Developer', 2, 'Antonina.Britten@BuzzwordSolutions.com', 'Japan', 'Tokyo', 1);
insert into Employee (id, first_name, last_name, title, department,  email, country, city, location) values (910, 'Katusha', 'Deware', 'Developer', 2, 'Katusha.Deware@BuzzwordSolutions.com', 'Brazil', 'São Paulo', 2);
insert into Employee (id, first_name, last_name, title, department,  email, country, city, location) values (911, 'Paddy', 'Paolucci', 'Sales Agent', 1, 'Paddy.Paolucci@BuzzwordSolutions.com', 'Brazil', 'São Paulo', 2);
insert into Employee (id, first_name, last_name, title, department,  email, country, city, location) values (912, 'Nessa', 'Dunniom', 'Sales Agent', 1, 'Nessa.Dunniom@BuzzwordSolutions.com', 'Brazil', 'São Paulo', 2);
insert into Employee (id, first_name, last_name, title, department,  email, country, city, location) values (913, 'Fiorenze', 'Heavyside', 'Developer', 2, 'Fiorenze.Heavyside@BuzzwordSolutions.com', 'United States', 'Dallas', 3);
insert into Employee (id, first_name, last_name, title, department,  email, country, city, location) values (914, 'Torre', 'Critzen', 'Developer', 2, 'Torre.Critzen@BuzzwordSolutions.com', 'Brazil', 'São Paulo', 2);
insert into Employee (id, first_name, last_name, title, department,  email, country, city, location) values (915, 'Cord', 'Whitmore', 'Developer', 2, 'Cord.Whitmore@BuzzwordSolutions.com', 'Japan', 'Tokyo', 1);
insert into Employee (id, first_name, last_name, title, department,  email, country, city, location) values (916, 'Gherardo', 'Victoria', 'Sales Agent', 1, 'Gherardo.Victoria@BuzzwordSolutions.com', 'Brazil', 'São Paulo', 2);
insert into Employee (id, first_name, last_name, title, department,  email, country, city, location) values (917, 'Herc', 'Dowe', 'Developer', 2, 'Herc.Dowe@BuzzwordSolutions.com', 'Brazil', 'São Paulo', 2);
insert into Employee (id, first_name, last_name, title, department,  email, country, city, location) values (918, 'Jeanne', 'Girardeau', 'Developer', 2, 'Jeanne.Girardeau@BuzzwordSolutions.com', 'United States', 'Dallas', 3);
insert into Employee (id, first_name, last_name, title, department,  email, country, city, location) values (919, 'Erich', 'Safe', 'Developer', 2, 'Erich.Safe@BuzzwordSolutions.com', 'Japan', 'Tokyo', 1);
insert into Employee (id, first_name, last_name, title, department,  email, country, city, location) values (920, 'Mark', 'Denziloe', 'Developer', 2, 'Mark.Denziloe@BuzzwordSolutions.com', 'Brazil', 'São Paulo', 2);
insert into Employee (id, first_name, last_name, title, department,  email, country, city, location) values (921, 'Franky', 'Barrand', 'Developer', 2, 'Franky.Barrand@BuzzwordSolutions.com', 'Germany', 'Berlin', 5);
insert into Employee (id, first_name, last_name, title, department,  email, country, city, location) values (922, 'Winni', 'Edser', 'Sales Agent', 1, 'Winni.Edser@BuzzwordSolutions.com', 'United States', 'Dallas', 3);
insert into Employee (id, first_name, last_name, title, department,  email, country, city, location) values (923, 'Ardath', 'Creasey', 'Developer', 2, 'Ardath.Creasey@BuzzwordSolutions.com', 'United States', 'Dallas', 3);
insert into Employee (id, first_name, last_name, title, department,  email, country, city, location) values (924, 'Dalt', 'Beavan', 'Developer', 2, 'Dalt.Beavan@BuzzwordSolutions.com', 'Brazil', 'São Paulo', 2);
insert into Employee (id, first_name, last_name, title, department,  email, country, city, location) values (925, 'Brian', 'Menaul', 'Sales Agent', 1, 'Brian.Menaul@BuzzwordSolutions.com', 'United States', 'Dallas', 3);
insert into Employee (id, first_name, last_name, title, department,  email, country, city, location) values (926, 'Jandy', 'Harrhy', 'Developer', 2, 'Jandy.Harrhy@BuzzwordSolutions.com', 'Germany', 'Berlin', 5);
insert into Employee (id, first_name, last_name, title, department,  email, country, city, location) values (927, 'Jimmie', 'Filipchikov', 'Developer', 2, 'Jimmie.Filipchikov@BuzzwordSolutions.com', 'United States', 'Dallas', 3);
insert into Employee (id, first_name, last_name, title, department,  email, country, city, location) values (928, 'Gussi', 'Gargett', 'Sales Agent', 1, 'Gussi.Gargett@BuzzwordSolutions.com', 'Brazil', 'São Paulo', 2);
insert into Employee (id, first_name, last_name, title, department,  email, country, city, location) values (929, 'Estell', 'Wheelton', 'Developer', 2, 'Estell.Wheelton@BuzzwordSolutions.com', 'Brazil', 'São Paulo', 2);
insert into Employee (id, first_name, last_name, title, department,  email, country, city, location) values (930, 'Blanche', 'Wisniowski', 'Developer', 2, 'Blanche.Wisniowski@BuzzwordSolutions.com', 'Brazil', 'São Paulo', 2);
insert into Employee (id, first_name, last_name, title, department,  email, country, city, location) values (931, 'Janice', 'Ayree', 'Sales Agent', 1, 'Janice.Ayree@BuzzwordSolutions.com', 'Japan', 'Tokyo', 1);
insert into Employee (id, first_name, last_name, title, department,  email, country, city, location) values (932, 'Julienne', 'd''Arcy', 'Developer', 2, 'Julienne.d''Arcy@BuzzwordSolutions.com', 'Brazil', 'São Paulo', 2);
insert into Employee (id, first_name, last_name, title, department,  email, country, city, location) values (933, 'Farlie', 'Petasch', 'Developer', 2, 'Farlie.Petasch@BuzzwordSolutions.com', 'Brazil', 'São Paulo', 2);
insert into Employee (id, first_name, last_name, title, department,  email, country, city, location) values (934, 'Brennan', 'Olenchikov', 'Sales Agent', 1, 'Brennan.Olenchikov@BuzzwordSolutions.com', 'United States', 'Dallas', 3);
insert into Employee (id, first_name, last_name, title, department,  email, country, city, location) values (935, 'Shepperd', 'Lysaght', 'Sales Agent', 1, 'Shepperd.Lysaght@BuzzwordSolutions.com', 'United States', 'Dallas', 3);
insert into Employee (id, first_name, last_name, title, department,  email, country, city, location) values (936, 'Blinni', 'Knapman', 'Developer', 2, 'Blinni.Knapman@BuzzwordSolutions.com', 'Brazil', 'São Paulo', 2);
insert into Employee (id, first_name, last_name, title, department,  email, country, city, location) values (937, 'Boonie', 'Loache', 'Developer', 2, 'Boonie.Loache@BuzzwordSolutions.com', 'Japan', 'Tokyo', 1);
insert into Employee (id, first_name, last_name, title, department,  email, country, city, location) values (938, 'Frederic', 'Mees', 'Developer', 2, 'Frederic.Mees@BuzzwordSolutions.com', 'United States', 'Dallas', 3);
insert into Employee (id, first_name, last_name, title, department,  email, country, city, location) values (939, 'Charmain', 'Currell', 'Sales Agent', 1, 'Charmain.Currell@BuzzwordSolutions.com', 'United States', 'Dallas', 3);
insert into Employee (id, first_name, last_name, title, department,  email, country, city, location) values (940, 'Sutherlan', 'Keelan', 'Developer', 2, 'Sutherlan.Keelan@BuzzwordSolutions.com', 'Brazil', 'São Paulo', 2);
insert into Employee (id, first_name, last_name, title, department,  email, country, city, location) values (941, 'Win', 'Sumpner', 'Developer', 2, 'Win.Sumpner@BuzzwordSolutions.com', 'Japan', 'Tokyo', 1);
insert into Employee (id, first_name, last_name, title, department,  email, country, city, location) values (942, 'Ruben', 'McMichell', 'Developer', 2, 'Ruben.McMichell@BuzzwordSolutions.com', 'Brazil', 'São Paulo', 2);
insert into Employee (id, first_name, last_name, title, department,  email, country, city, location) values (943, 'Netty', 'Obin', 'Sales Agent', 1, 'Netty.Obin@BuzzwordSolutions.com', 'United States', 'Dallas', 3);
insert into Employee (id, first_name, last_name, title, department,  email, country, city, location) values (944, 'Amii', 'Larkings', 'Developer', 2, 'Amii.Larkings@BuzzwordSolutions.com', 'Japan', 'Tokyo', 1);
insert into Employee (id, first_name, last_name, title, department,  email, country, city, location) values (945, 'Glynn', 'Downie', 'Developer', 2, 'Glynn.Downie@BuzzwordSolutions.com', 'Japan', 'Tokyo', 1);
insert into Employee (id, first_name, last_name, title, department,  email, country, city, location) values (946, 'Tami', 'Pash', 'Developer', 2, 'Tami.Pash@BuzzwordSolutions.com', 'South Africa', 'Johnannesburg', 4);
insert into Employee (id, first_name, last_name, title, department,  email, country, city, location) values (947, 'Shurlocke', 'Norcop', 'Developer', 2, 'Shurlocke.Norcop@BuzzwordSolutions.com', 'United States', 'Dallas', 3);
insert into Employee (id, first_name, last_name, title, department,  email, country, city, location) values (948, 'Herbert', 'Matfield', 'Developer', 2, 'Herbert.Matfield@BuzzwordSolutions.com', 'Brazil', 'São Paulo', 2);
insert into Employee (id, first_name, last_name, title, department,  email, country, city, location) values (949, 'Marjory', 'Frayling', 'Sales Agent', 1, 'Marjory.Frayling@BuzzwordSolutions.com', 'United States', 'Dallas', 3);
insert into Employee (id, first_name, last_name, title, department,  email, country, city, location) values (950, 'Valera', 'Doul', 'Developer', 2, 'Valera.Doul@BuzzwordSolutions.com', 'Japan', 'Tokyo', 1);
insert into Employee (id, first_name, last_name, title, department,  email, country, city, location) values (951, 'Wanda', 'Huish', 'Sales Agent', 1, 'Wanda.Huish@BuzzwordSolutions.com', 'Brazil', 'São Paulo', 2);
insert into Employee (id, first_name, last_name, title, department,  email, country, city, location) values (952, 'Joyan', 'Kenna', 'Developer', 2, 'Joyan.Kenna@BuzzwordSolutions.com', 'United States', 'Dallas', 3);
insert into Employee (id, first_name, last_name, title, department,  email, country, city, location) values (953, 'Gigi', 'Coase', 'Developer', 2, 'Gigi.Coase@BuzzwordSolutions.com', 'Brazil', 'São Paulo', 2);
insert into Employee (id, first_name, last_name, title, department,  email, country, city, location) values (954, 'Tabby', 'Gateley', 'Developer', 2, 'Tabby.Gateley@BuzzwordSolutions.com', 'Brazil', 'São Paulo', 2);
insert into Employee (id, first_name, last_name, title, department,  email, country, city, location) values (955, 'Adaline', 'Murfin', 'Developer', 2, 'Adaline.Murfin@BuzzwordSolutions.com', 'Japan', 'Tokyo', 1);
insert into Employee (id, first_name, last_name, title, department,  email, country, city, location) values (956, 'Darin', 'Bourley', 'Sales Agent', 1, 'Darin.Bourley@BuzzwordSolutions.com', 'South Africa', 'Johnannesburg', 4);
insert into Employee (id, first_name, last_name, title, department,  email, country, city, location) values (957, 'Farleigh', 'Tegler', 'Developer', 2, 'Farleigh.Tegler@BuzzwordSolutions.com', 'United States', 'Dallas', 3);
insert into Employee (id, first_name, last_name, title, department,  email, country, city, location) values (958, 'Angy', 'Towsey', 'Developer', 2, 'Angy.Towsey@BuzzwordSolutions.com', 'Brazil', 'São Paulo', 2);
insert into Employee (id, first_name, last_name, title, department,  email, country, city, location) values (959, 'Michaeline', 'Crane', 'Sales Agent', 1, 'Michaeline.Crane@BuzzwordSolutions.com', 'Brazil', 'São Paulo', 2);
insert into Employee (id, first_name, last_name, title, department,  email, country, city, location) values (960, 'Aeriel', 'Klugel', 'Developer', 2, 'Aeriel.Klugel@BuzzwordSolutions.com', 'Germany', 'Berlin', 5);
insert into Employee (id, first_name, last_name, title, department,  email, country, city, location) values (961, 'Ware', 'Dibner', 'Sales Agent', 1, 'Ware.Dibner@BuzzwordSolutions.com', 'Japan', 'Tokyo', 1);
insert into Employee (id, first_name, last_name, title, department,  email, country, city, location) values (962, 'Anallese', 'Keston', 'Developer', 2, 'Anallese.Keston@BuzzwordSolutions.com', 'Brazil', 'São Paulo', 2);
insert into Employee (id, first_name, last_name, title, department,  email, country, city, location) values (963, 'Elysha', 'Bradman', 'Developer', 2, 'Elysha.Bradman@BuzzwordSolutions.com', 'South Africa', 'Johnannesburg', 4);
insert into Employee (id, first_name, last_name, title, department,  email, country, city, location) values (964, 'Alix', 'Woolley', 'Developer', 2, 'Alix.Woolley@BuzzwordSolutions.com', 'Brazil', 'São Paulo', 2);
insert into Employee (id, first_name, last_name, title, department,  email, country, city, location) values (965, 'Quint', 'Speerman', 'Developer', 2, 'Quint.Speerman@BuzzwordSolutions.com', 'United States', 'Dallas', 3);
insert into Employee (id, first_name, last_name, title, department,  email, country, city, location) values (966, 'Gaspar', 'Marling', 'Developer', 2, 'Gaspar.Marling@BuzzwordSolutions.com', 'Japan', 'Tokyo', 1);
insert into Employee (id, first_name, last_name, title, department,  email, country, city, location) values (967, 'Tory', 'Jorio', 'Sales Agent', 1, 'Tory.Jorio@BuzzwordSolutions.com', 'Brazil', 'São Paulo', 2);
insert into Employee (id, first_name, last_name, title, department,  email, country, city, location) values (968, 'Caryn', 'Straker', 'Developer', 2, 'Caryn.Straker@BuzzwordSolutions.com', 'Brazil', 'São Paulo', 2);
insert into Employee (id, first_name, last_name, title, department,  email, country, city, location) values (969, 'Shae', 'Dumingos', 'Developer', 2, 'Shae.Dumingos@BuzzwordSolutions.com', 'Japan', 'Tokyo', 1);
insert into Employee (id, first_name, last_name, title, department,  email, country, city, location) values (970, 'Breena', 'Semrad', 'Developer', 2, 'Breena.Semrad@BuzzwordSolutions.com', 'Germany', 'Berlin', 5);
insert into Employee (id, first_name, last_name, title, department,  email, country, city, location) values (971, 'Ara', 'Josipovitz', 'Developer', 2, 'Ara.Josipovitz@BuzzwordSolutions.com', 'United States', 'Dallas', 3);
insert into Employee (id, first_name, last_name, title, department,  email, country, city, location) values (972, 'Kora', 'Richie', 'Manager', 1, 'Kora.Richie@BuzzwordSolutions.com', 'Brazil', 'São Paulo', 2);
insert into Employee (id, first_name, last_name, title, department,  email, country, city, location) values (973, 'Dory', 'Verrico', 'Developer', 2, 'Dory.Verrico@BuzzwordSolutions.com', 'Brazil', 'São Paulo', 2);
insert into Employee (id, first_name, last_name, title, department,  email, country, city, location) values (974, 'Ellie', 'Skillett', 'Developer', 2, 'Ellie.Skillett@BuzzwordSolutions.com', 'Brazil', 'São Paulo', 2);
insert into Employee (id, first_name, last_name, title, department,  email, country, city, location) values (975, 'Donna', 'Hurworth', 'Developer', 2, 'Donna.Hurworth@BuzzwordSolutions.com', 'Brazil', 'São Paulo', 2);
insert into Employee (id, first_name, last_name, title, department,  email, country, city, location) values (976, 'Corly', 'Timny', 'Developer', 2, 'Corly.Timny@BuzzwordSolutions.com', 'Brazil', 'São Paulo', 2);
insert into Employee (id, first_name, last_name, title, department,  email, country, city, location) values (977, 'Heidi', 'Samweyes', 'Developer', 2, 'Heidi.Samweyes@BuzzwordSolutions.com', 'Germany', 'Berlin', 5);
insert into Employee (id, first_name, last_name, title, department,  email, country, city, location) values (978, 'Robin', 'Monnoyer', 'Developer', 2, 'Robin.Monnoyer@BuzzwordSolutions.com', 'United States', 'Dallas', 3);
insert into Employee (id, first_name, last_name, title, department,  email, country, city, location) values (979, 'Chrotoem', 'Somner', 'Sales Agent', 1, 'Chrotoem.Somner@BuzzwordSolutions.com', 'United States', 'Dallas', 3);
insert into Employee (id, first_name, last_name, title, department,  email, country, city, location) values (980, 'Elisabetta', 'Clarey', 'Developer', 2, 'Elisabetta.Clarey@BuzzwordSolutions.com', 'Brazil', 'São Paulo', 2);
insert into Employee (id, first_name, last_name, title, department,  email, country, city, location) values (981, 'Caddric', 'Treadgear', 'Developer', 2, 'Caddric.Treadgear@BuzzwordSolutions.com', 'United States', 'Dallas', 3);
insert into Employee (id, first_name, last_name, title, department,  email, country, city, location) values (982, 'Fania', 'Fenners', 'Developer', 2, 'Fania.Fenners@BuzzwordSolutions.com', 'Brazil', 'São Paulo', 2);
insert into Employee (id, first_name, last_name, title, department,  email, country, city, location) values (983, 'Vinny', 'Pendergrast', 'Sales Agent', 1, 'Vinny.Pendergrast@BuzzwordSolutions.com', 'Brazil', 'São Paulo', 2);
insert into Employee (id, first_name, last_name, title, department,  email, country, city, location) values (984, 'Rosco', 'Chiechio', 'Developer', 2, 'Rosco.Chiechio@BuzzwordSolutions.com', 'Japan', 'Tokyo', 1);
insert into Employee (id, first_name, last_name, title, department,  email, country, city, location) values (985, 'Marina', 'Mathouse', 'Sales Agent', 1, 'Marina.Mathouse@BuzzwordSolutions.com', 'Brazil', 'São Paulo', 2);
insert into Employee (id, first_name, last_name, title, department,  email, country, city, location) values (986, 'Trixy', 'Habbin', 'Developer', 2, 'Trixy.Habbin@BuzzwordSolutions.com', 'Brazil', 'São Paulo', 2);
insert into Employee (id, first_name, last_name, title, department,  email, country, city, location) values (987, 'Travis', 'Rushforth', 'Sales Agent', 1, 'Travis.Rushforth@BuzzwordSolutions.com', 'Brazil', 'São Paulo', 2);
insert into Employee (id, first_name, last_name, title, department,  email, country, city, location) values (988, 'Eloisa', 'Miskimmon', 'Developer', 2, 'Eloisa.Miskimmon@BuzzwordSolutions.com', 'Brazil', 'São Paulo', 2);
insert into Employee (id, first_name, last_name, title, department,  email, country, city, location) values (989, 'Tim', 'Casado', 'Sales Agent', 1, 'Tim.Casado@BuzzwordSolutions.com', 'Japan', 'Tokyo', 1);
insert into Employee (id, first_name, last_name, title, department,  email, country, city, location) values (990, 'Donn', 'Macer', 'Developer', 2, 'Donn.Macer@BuzzwordSolutions.com', 'Brazil', 'São Paulo', 2);
insert into Employee (id, first_name, last_name, title, department,  email, country, city, location) values (991, 'Zondra', 'Lukehurst', 'Developer', 2, 'Zondra.Lukehurst@BuzzwordSolutions.com', 'Brazil', 'São Paulo', 2);
insert into Employee (id, first_name, last_name, title, department,  email, country, city, location) values (992, 'Chariot', 'Meeks', 'Sales Agent', 1, 'Chariot.Meeks@BuzzwordSolutions.com', 'Japan', 'Tokyo', 1);
insert into Employee (id, first_name, last_name, title, department,  email, country, city, location) values (993, 'Aila', 'Scandwright', 'Sales Agent', 1, 'Aila.Scandwright@BuzzwordSolutions.com', 'Germany', 'Berlin', 5);
insert into Employee (id, first_name, last_name, title, department,  email, country, city, location) values (994, 'Tudor', 'Scottini', 'Developer', 2, 'Tudor.Scottini@BuzzwordSolutions.com', 'United States', 'Dallas', 3);
insert into Employee (id, first_name, last_name, title, department,  email, country, city, location) values (995, 'Jakie', 'Assiratti', 'Developer', 2, 'Jakie.Assiratti@BuzzwordSolutions.com', 'United States', 'Dallas', 3);
insert into Employee (id, first_name, last_name, title, department,  email, country, city, location) values (996, 'Jehanna', 'Marryatt', 'Sales Agent', 1, 'Jehanna.Marryatt@BuzzwordSolutions.com', 'United States', 'Dallas', 3);
insert into Employee (id, first_name, last_name, title, department,  email, country, city, location) values (997, 'Lennard', 'Whittlesey', 'Sales Agent', 1, 'Lennard.Whittlesey@BuzzwordSolutions.com', 'Brazil', 'São Paulo', 2);
insert into Employee (id, first_name, last_name, title, department,  email, country, city, location) values (998, 'Karina', 'Broughton', 'Sales Agent', 1, 'Karina.Broughton@BuzzwordSolutions.com', 'Japan', 'Tokyo', 1);
insert into Employee (id, first_name, last_name, title, department,  email, country, city, location) values (999, 'Zilvia', 'Hoogendorp', 'Developer', 2, 'Zilvia.Hoogendorp@BuzzwordSolutions.com', 'Brazil', 'São Paulo', 2);
insert into Employee (id, first_name, last_name, title, department,  email, country, city, location) values (1000, 'Yoko', 'Espinazo', 'Developer', 2, 'Yoko.Espinazo@BuzzwordSolutions.com', 'Brazil', 'São Paulo', 2);
/*
Insert into computer table
*/

insert into Computer (id, location) values (1, 1);
insert into Computer (id, location) values (2, 2);
insert into Computer (id, location) values (3, 1);
insert into Computer (id, location) values (4, 1);
insert into Computer (id, location) values (5, 5);
insert into Computer (id, location) values (6, 3);
insert into Computer (id, location) values (7, 2);
insert into Computer (id, location) values (8, 3);
insert into Computer (id, location) values (9, 4);
insert into Computer (id, location) values (10, 1);

/*
Insert into the license table
*/

insert into License (id, licenseName, version, dateAdded, licenseType, uploaderID) values (1, 'Single User License', 'v2.1', '2012-04-16', 'Class A', 6);
insert into License (id, licenseName, version, dateAdded, licenseType, uploaderID) values (2, 'Multi-User License', 'v3.0', '2006-02-18', 'Class B', 4);
insert into License (id, licenseName, version, dateAdded, licenseType, uploaderID) values (3, 'Multi-User License', 'v3.0', '2016-02-22', 'Class B', 12);
insert into License (id, licenseName, version, dateAdded, licenseType, uploaderID) values (4, 'Enterprise License', 'v2.0', '2004-12-14', 'Class B', 3);
insert into License (id, licenseName, version, dateAdded, licenseType, uploaderID) values (5, 'Single User License', 'v3.0', '2011-04-07', 'Class C', 2);
insert into License (id, licenseName, version, dateAdded, licenseType, uploaderID) values (6, 'Single User License', 'v2.1', '2009-12-08', 'Class A', 5);
insert into License (id, licenseName, version, dateAdded, licenseType, uploaderID) values (7, 'Multi-User License', 'v1.1', '2008-05-30', 'Class B', 1);
insert into License (id, licenseName, version, dateAdded, licenseType, uploaderID) values (8, 'Enterprise License', 'v2.0', '2000-06-16', 'Class C', 5);
insert into License (id, licenseName, version, dateAdded, licenseType, uploaderID) values (9, 'Multi-User License', 'v2.0', '2006-02-25', 'Class A', 14);
insert into License (id, licenseName, version, dateAdded, licenseType, uploaderID) values (10, 'Enterprise License', 'v3.0', '2014-03-05', 'Class C', 8);
insert into License (id, licenseName, version, dateAdded, licenseType, uploaderID) values (11, 'Multi-User License', 'v2.0', '2015-08-03', 'Class A', 1);
insert into License (id, licenseName, version, dateAdded, licenseType, uploaderID) values (12, 'Enterprise License', 'v1.0', '2002-08-05', 'Class B', 3);
insert into License (id, licenseName, version, dateAdded, licenseType, uploaderID) values (13, 'Multi-User License', 'v3.0', '2021-09-13', 'Class C', 10);
insert into License (id, licenseName, version, dateAdded, licenseType, uploaderID) values (14, 'Single User License', 'v3.0', '2021-03-31', 'Class B', 11);
insert into License (id, licenseName, version, dateAdded, licenseType, uploaderID) values (15, 'Single User License', 'v3.0', '2014-09-19', 'Class B', 10);


/*
Insert into the EmployeeAssign
*/

insert into EmployeeAssign (id, licenseID, employeeID, assignerID) values (1, 6, 10, 2);
insert into EmployeeAssign (id, licenseID, employeeID, assignerID) values (2, 4, 5, 5);
insert into EmployeeAssign (id, licenseID, employeeID, assignerID) values (3, 5, 13, 10);
insert into EmployeeAssign (id, licenseID, employeeID, assignerID) values (4, 1, 9, 6);
insert into EmployeeAssign (id, licenseID, employeeID, assignerID) values (5, 1, 7, 7);
insert into EmployeeAssign (id, licenseID, employeeID, assignerID) values (6, 6, 10, 9);
insert into EmployeeAssign (id, licenseID, employeeID, assignerID) values (7, 3, 8, 12);
insert into EmployeeAssign (id, licenseID, employeeID, assignerID) values (8, 8, 14, 3);
insert into EmployeeAssign (id, licenseID, employeeID, assignerID) values (9, 1, 10, 7);
insert into EmployeeAssign (id, licenseID, employeeID, assignerID) values (10, 11, 1, 5);
insert into EmployeeAssign (id, licenseID, employeeID, assignerID) values (11, 10, 5, 9);
insert into EmployeeAssign (id, licenseID, employeeID, assignerID) values (12, 15, 8, 6);
insert into EmployeeAssign (id, licenseID, employeeID, assignerID) values (13, 3, 10, 7);
insert into EmployeeAssign (id, licenseID, employeeID, assignerID) values (14, 15, 9, 13);
insert into EmployeeAssign (id, licenseID, employeeID, assignerID) values (15, 11, 9, 13);
insert into EmployeeAssign (id, licenseID, employeeID, assignerID) values (16, 7, 10, 4);
insert into EmployeeAssign (id, licenseID, employeeID, assignerID) values (17, 4, 6, 3);
insert into EmployeeAssign (id, licenseID, employeeID, assignerID) values (18, 15, 9, 13);
insert into EmployeeAssign (id, licenseID, employeeID, assignerID) values (19, 1, 2, 13);
insert into EmployeeAssign (id, licenseID, employeeID, assignerID) values (20, 12, 14, 11);
insert into EmployeeAssign (id, licenseID, employeeID, assignerID) values (21, 5, 3, 3);
insert into EmployeeAssign (id, licenseID, employeeID, assignerID) values (22, 1, 3, 14);
insert into EmployeeAssign (id, licenseID, employeeID, assignerID) values (23, 5, 6, 8);
insert into EmployeeAssign (id, licenseID, employeeID, assignerID) values (24, 15, 7, 8);
insert into EmployeeAssign (id, licenseID, employeeID, assignerID) values (25, 8, 4, 11);
insert into EmployeeAssign (id, licenseID, employeeID, assignerID) values (26, 10, 12, 8);
insert into EmployeeAssign (id, licenseID, employeeID, assignerID) values (27, 12, 6, 7);
insert into EmployeeAssign (id, licenseID, employeeID, assignerID) values (28, 5, 5, 6);
insert into EmployeeAssign (id, licenseID, employeeID, assignerID) values (29, 7, 1, 10);
insert into EmployeeAssign (id, licenseID, employeeID, assignerID) values (30, 13, 2, 7);

/*
Insert into the CompAssign table
*/

insert into CompAssign (id, licenseID, computerID, assignerID) values (1, 2, 1, 15);
insert into CompAssign (id, licenseID, computerID, assignerID) values (2, 7, 3, 8);
insert into CompAssign (id, licenseID, computerID, assignerID) values (3, 4, 10, 6);
insert into CompAssign (id, licenseID, computerID, assignerID) values (4, 14, 6, 5);
insert into CompAssign (id, licenseID, computerID, assignerID) values (5, 10, 6, 4);
insert into CompAssign (id, licenseID, computerID, assignerID) values (6, 12, 3, 10);
insert into CompAssign (id, licenseID, computerID, assignerID) values (7, 12, 4, 4);
insert into CompAssign (id, licenseID, computerID, assignerID) values (8, 3, 7, 3);
insert into CompAssign (id, licenseID, computerID, assignerID) values (9, 10, 3, 6);
insert into CompAssign (id, licenseID, computerID, assignerID) values (10, 1, 2, 9);

/*
Insert into the Cost
*/

insert into Cost (ID, licenseID, price, currency, period, renewalDate) values (1, 1, 7849.82, 'PLN', 'quarterly', '2000-07-03');
insert into Cost (ID, licenseID, price, currency, period, renewalDate) values (2, 10, 3940.69, 'EUR', 'quarterly', '2021-08-11');
insert into Cost (ID, licenseID, price, currency, period, renewalDate) values (4, 8, 507.57, 'CNY', 'bi-annual', '2017-02-28');
insert into Cost (ID, licenseID, price, currency, period, renewalDate) values (5, 9, 513.31, 'CZK', 'annual', '2021-04-29');
insert into Cost (ID, licenseID, price, currency, period, renewalDate) values (6, 15, 4942.93, 'THB', 'semi-annual', '2004-09-14');
insert into Cost (ID, licenseID, price, currency, period, renewalDate) values (7, 7, 9898.61, 'EUR', 'quarterly', '2001-02-16');
insert into Cost (ID, licenseID, price, currency, period, renewalDate) values (8, 2, 8131.64, 'PHP', 'quarterly', '2005-06-07');
insert into Cost (ID, licenseID, price, currency, period, renewalDate) values (9, 3, 4285.48, 'EUR', 'monthly', '2006-12-05');
insert into Cost (ID, licenseID, price, currency, period, renewalDate) values (10, 4, 2580.44, 'PYG', 'semi-annual', '2021-09-16');

/*
Insert into ExpirationDate
*/

insert into ExpirationDate (id, licenseID, endDate) values (1, 4, '2009-06-12');
insert into ExpirationDate (id, licenseID, endDate) values (2, 2, '2000-01-12');
insert into ExpirationDate (id, licenseID, endDate) values (3, 8, '2020-08-29');
insert into ExpirationDate (id, licenseID, endDate) values (4, 3, '2003-07-01');
insert into ExpirationDate (id, licenseID, endDate) values (5, 7, '2000-04-23');
insert into ExpirationDate (id, licenseID, endDate) values (6, 6, '2013-04-15');
insert into ExpirationDate (id, licenseID, endDate) values (7, 1, '2002-02-25');
insert into ExpirationDate (id, licenseID, endDate) values (8, 12, '2004-06-13');
insert into ExpirationDate (id, licenseID, endDate) values (9, 10, '2018-03-08');
insert into ExpirationDate (id, licenseID, endDate) values (10, 5, '2017-09-04');

/*
Insert into GeogRestriction
*/

insert into GeogRestriction (id, licenseID, restriction) values (1, 11, 'Germany');
insert into GeogRestriction (id, licenseID, restriction) values (2, 3, 'Brazil');
insert into GeogRestriction (id, licenseID, restriction) values (3, 14, 'Brazil');
insert into GeogRestriction (id, licenseID, restriction) values (4, 4, 'Australia');
insert into GeogRestriction (id, licenseID, restriction) values (5, 9, 'USA');
insert into GeogRestriction (id, licenseID, restriction) values (6, 13, 'USA');
insert into GeogRestriction (id, licenseID, restriction) values (7, 1, 'USA');
insert into GeogRestriction (id, licenseID, restriction) values (8, 15, 'USA');
insert into GeogRestriction (id, licenseID, restriction) values (9, 10, 'Canada');
insert into GeogRestriction (id, licenseID, restriction) values (10, 12, 'Australia');


INSERT INTO License (licenseName, version, dateAdded, licenseType, uploaderID)
VALUES ('Windows', 'v1.0.1', '2025-11-04', 'Ent', 1);












